-- phpMyAdmin SQL Dump
-- version 4.1.14
-- http://www.phpmyadmin.net
--
-- Servidor: 127.0.0.1
-- Tiempo de generación: 05-06-2017 a las 17:50:18
-- Versión del servidor: 5.6.17
-- Versión de PHP: 5.5.12

SET SQL_MODE = "NO_AUTO_VALUE_ON_ZERO";
SET time_zone = "+00:00";


/*!40101 SET @OLD_CHARACTER_SET_CLIENT=@@CHARACTER_SET_CLIENT */;
/*!40101 SET @OLD_CHARACTER_SET_RESULTS=@@CHARACTER_SET_RESULTS */;
/*!40101 SET @OLD_COLLATION_CONNECTION=@@COLLATION_CONNECTION */;
/*!40101 SET NAMES utf8 */;

--
-- Base de datos: `liga`
--

-- --------------------------------------------------------

--
-- Estructura de tabla para la tabla `arbitros`
--

CREATE TABLE IF NOT EXISTS `arbitros` (
  `ID` int(11) NOT NULL AUTO_INCREMENT COMMENT 'Numero de identificación de los arbitros',
  `NOMBRE` varchar(25) CHARACTER SET utf8 COLLATE utf8_spanish_ci NOT NULL COMMENT 'Nombre del Arbitro',
  `APELLIDOS` varchar(50) CHARACTER SET utf8 COLLATE utf8_spanish_ci NOT NULL COMMENT 'Apellidos del Arbitro',
  PRIMARY KEY (`ID`)
) ENGINE=InnoDB DEFAULT CHARSET=latin1 AUTO_INCREMENT=1 ;

-- --------------------------------------------------------

--
-- Estructura de tabla para la tabla `campeonato`
--

CREATE TABLE IF NOT EXISTS `campeonato` (
  `ID` int(11) NOT NULL AUTO_INCREMENT COMMENT 'Numero de identificación de cada partido',
  `JORNADA` int(10) unsigned NOT NULL COMMENT 'Jornada del campeonato',
  `FECHA` date DEFAULT NULL COMMENT 'Fecha del partido',
  `HORA` time DEFAULT NULL COMMENT 'Hora del partido',
  `ID_LOCAL` int(11) NOT NULL COMMENT 'ID del equipo que juega como local',
  `ID_VISITANTE` int(11) NOT NULL COMMENT 'ID del equipo que juega como visitante',
  `ID_CAMPO` int(11) DEFAULT NULL COMMENT 'ID del campo donde se juega',
  `JUGADO` tinyint(1) NOT NULL DEFAULT '0' COMMENT 'Establece si el partido se realiza o no (0 NO realizado, 1 realizado)',
  `ID_ARBITRO` int(11) DEFAULT NULL COMMENT 'ID del arbitro del partido',
  PRIMARY KEY (`ID`),
  KEY `LOCAL` (`ID_LOCAL`),
  KEY `VISITANTE` (`ID_VISITANTE`),
  KEY `CAMPO` (`ID_CAMPO`),
  KEY `ID_ARBITRO` (`ID_ARBITRO`)
) ENGINE=InnoDB  DEFAULT CHARSET=latin1 AUTO_INCREMENT=1103 ;

--
-- Volcado de datos para la tabla `campeonato`
--

INSERT INTO `campeonato` (`ID`, `JORNADA`, `FECHA`, `HORA`, `ID_LOCAL`, `ID_VISITANTE`, `ID_CAMPO`, `JUGADO`, `ID_ARBITRO`) VALUES
(1, 1, NULL, NULL, 17, 36, NULL, 0, NULL),
(2, 1, NULL, NULL, 4, 10, NULL, 0, NULL),
(3, 1, NULL, NULL, 74, 78, NULL, 0, NULL),
(4, 1, NULL, NULL, 67, 68, NULL, 0, NULL),
(5, 1, NULL, NULL, 38, 40, NULL, 0, NULL),
(6, 1, NULL, NULL, 45, 51, NULL, 0, NULL),
(7, 1, NULL, NULL, 11, 14, NULL, 0, NULL),
(8, 2, NULL, NULL, 68, 74, NULL, 0, NULL),
(9, 2, NULL, NULL, 40, 67, NULL, 0, NULL),
(10, 2, NULL, NULL, 78, 4, NULL, 0, NULL),
(11, 2, NULL, NULL, 14, 45, NULL, 0, NULL),
(12, 2, NULL, NULL, 51, 38, NULL, 0, NULL),
(13, 2, NULL, NULL, 36, 11, NULL, 0, NULL),
(14, 2, NULL, NULL, 10, 17, NULL, 0, NULL),
(15, 3, NULL, NULL, 4, 68, NULL, 0, NULL),
(16, 3, NULL, NULL, 17, 78, NULL, 0, NULL),
(17, 3, NULL, NULL, 67, 51, NULL, 0, NULL),
(18, 3, NULL, NULL, 11, 45, NULL, 0, NULL),
(19, 3, NULL, NULL, 74, 40, NULL, 0, NULL),
(20, 3, NULL, NULL, 36, 10, NULL, 0, NULL),
(21, 3, NULL, NULL, 38, 14, NULL, 0, NULL),
(22, 4, NULL, NULL, 40, 4, NULL, 0, NULL),
(23, 4, NULL, NULL, 14, 67, NULL, 0, NULL),
(24, 4, NULL, NULL, 51, 74, NULL, 0, NULL),
(25, 4, NULL, NULL, 45, 38, NULL, 0, NULL),
(26, 4, NULL, NULL, 78, 36, NULL, 0, NULL),
(27, 4, NULL, NULL, 10, 11, NULL, 0, NULL),
(28, 4, NULL, NULL, 68, 17, NULL, 0, NULL),
(29, 5, NULL, NULL, 36, 68, NULL, 0, NULL),
(30, 5, NULL, NULL, 10, 78, NULL, 0, NULL),
(31, 5, NULL, NULL, 11, 38, NULL, 0, NULL),
(32, 5, NULL, NULL, 4, 51, NULL, 0, NULL),
(33, 5, NULL, NULL, 17, 40, NULL, 0, NULL),
(34, 5, NULL, NULL, 74, 14, NULL, 0, NULL),
(35, 5, NULL, NULL, 67, 45, NULL, 0, NULL),
(36, 6, NULL, NULL, 68, 10, NULL, 0, NULL),
(37, 6, NULL, NULL, 38, 67, NULL, 0, NULL),
(38, 6, NULL, NULL, 78, 11, NULL, 0, NULL),
(39, 6, NULL, NULL, 51, 17, NULL, 0, NULL),
(40, 6, NULL, NULL, 40, 36, NULL, 0, NULL),
(41, 6, NULL, NULL, 45, 74, NULL, 0, NULL),
(42, 6, NULL, NULL, 14, 4, NULL, 0, NULL),
(43, 7, NULL, NULL, 11, 67, NULL, 0, NULL),
(44, 7, NULL, NULL, 78, 68, NULL, 0, NULL),
(45, 7, NULL, NULL, 10, 40, NULL, 0, NULL),
(46, 7, NULL, NULL, 74, 38, NULL, 0, NULL),
(47, 7, NULL, NULL, 17, 14, NULL, 0, NULL),
(48, 7, NULL, NULL, 36, 51, NULL, 0, NULL),
(49, 7, NULL, NULL, 4, 45, NULL, 0, NULL),
(50, 8, NULL, NULL, 38, 4, NULL, 0, NULL),
(51, 8, NULL, NULL, 68, 11, NULL, 0, NULL),
(52, 8, NULL, NULL, 51, 10, NULL, 0, NULL),
(53, 8, NULL, NULL, 45, 17, NULL, 0, NULL),
(54, 8, NULL, NULL, 67, 74, NULL, 0, NULL),
(55, 8, NULL, NULL, 40, 78, NULL, 0, NULL),
(56, 8, NULL, NULL, 14, 36, NULL, 0, NULL),
(57, 9, NULL, NULL, 17, 38, NULL, 0, NULL),
(58, 9, NULL, NULL, 78, 51, NULL, 0, NULL),
(59, 9, NULL, NULL, 68, 40, NULL, 0, NULL),
(60, 9, NULL, NULL, 36, 45, NULL, 0, NULL),
(61, 9, NULL, NULL, 4, 67, NULL, 0, NULL),
(62, 9, NULL, NULL, 11, 74, NULL, 0, NULL),
(63, 9, NULL, NULL, 10, 14, NULL, 0, NULL),
(64, 10, NULL, NULL, 67, 17, NULL, 0, NULL),
(65, 10, NULL, NULL, 51, 68, NULL, 0, NULL),
(66, 10, NULL, NULL, 40, 11, NULL, 0, NULL),
(67, 10, NULL, NULL, 45, 10, NULL, 0, NULL),
(68, 10, NULL, NULL, 74, 4, NULL, 0, NULL),
(69, 10, NULL, NULL, 38, 36, NULL, 0, NULL),
(70, 10, NULL, NULL, 14, 78, NULL, 0, NULL),
(71, 11, NULL, NULL, 78, 45, NULL, 0, NULL),
(72, 11, NULL, NULL, 36, 67, NULL, 0, NULL),
(73, 11, NULL, NULL, 40, 51, NULL, 0, NULL),
(74, 11, NULL, NULL, 10, 38, NULL, 0, NULL),
(75, 11, NULL, NULL, 17, 74, NULL, 0, NULL),
(76, 11, NULL, NULL, 11, 4, NULL, 0, NULL),
(77, 11, NULL, NULL, 68, 14, NULL, 0, NULL),
(78, 12, NULL, NULL, 38, 78, NULL, 0, NULL),
(79, 12, NULL, NULL, 11, 51, NULL, 0, NULL),
(80, 12, NULL, NULL, 67, 10, NULL, 0, NULL),
(81, 12, NULL, NULL, 14, 40, NULL, 0, NULL),
(82, 12, NULL, NULL, 45, 68, NULL, 0, NULL),
(83, 12, NULL, NULL, 4, 17, NULL, 0, NULL),
(84, 12, NULL, NULL, 74, 36, NULL, 0, NULL),
(85, 13, NULL, NULL, 78, 67, NULL, 0, NULL),
(86, 13, NULL, NULL, 17, 11, NULL, 0, NULL),
(87, 13, NULL, NULL, 40, 45, NULL, 0, NULL),
(88, 13, NULL, NULL, 68, 38, NULL, 0, NULL),
(89, 13, NULL, NULL, 51, 14, NULL, 0, NULL),
(90, 13, NULL, NULL, 36, 4, NULL, 0, NULL),
(91, 13, NULL, NULL, 10, 74, NULL, 0, NULL),
(92, 14, NULL, NULL, 78, 74, NULL, 0, NULL),
(93, 14, NULL, NULL, 14, 11, NULL, 0, NULL),
(94, 14, NULL, NULL, 40, 38, NULL, 0, NULL),
(95, 14, NULL, NULL, 10, 4, NULL, 0, NULL),
(96, 14, NULL, NULL, 51, 45, NULL, 0, NULL),
(97, 14, NULL, NULL, 36, 17, NULL, 0, NULL),
(98, 14, NULL, NULL, 68, 67, NULL, 0, NULL),
(99, 15, NULL, NULL, 4, 78, NULL, 0, NULL),
(100, 15, NULL, NULL, 38, 51, NULL, 0, NULL),
(101, 15, NULL, NULL, 17, 10, NULL, 0, NULL),
(102, 15, NULL, NULL, 45, 14, NULL, 0, NULL),
(103, 15, NULL, NULL, 67, 40, NULL, 0, NULL),
(104, 15, NULL, NULL, 74, 68, NULL, 0, NULL),
(105, 15, NULL, NULL, 11, 36, NULL, 0, NULL),
(106, 16, NULL, NULL, 78, 17, NULL, 0, NULL),
(107, 16, NULL, NULL, 51, 67, NULL, 0, NULL),
(108, 16, NULL, NULL, 45, 11, NULL, 0, NULL),
(109, 16, NULL, NULL, 40, 74, NULL, 0, NULL),
(110, 16, NULL, NULL, 14, 38, NULL, 0, NULL),
(111, 16, NULL, NULL, 10, 36, NULL, 0, NULL),
(112, 16, NULL, NULL, 68, 4, NULL, 0, NULL),
(113, 17, NULL, NULL, 36, 78, NULL, 0, NULL),
(114, 17, NULL, NULL, 67, 14, NULL, 0, NULL),
(115, 17, NULL, NULL, 74, 51, NULL, 0, NULL),
(116, 17, NULL, NULL, 4, 40, NULL, 0, NULL),
(117, 17, NULL, NULL, 38, 45, NULL, 0, NULL),
(118, 17, NULL, NULL, 11, 10, NULL, 0, NULL),
(119, 17, NULL, NULL, 17, 68, NULL, 0, NULL),
(120, 18, NULL, NULL, 78, 10, NULL, 0, NULL),
(121, 18, NULL, NULL, 45, 67, NULL, 0, NULL),
(122, 18, NULL, NULL, 38, 11, NULL, 0, NULL),
(123, 18, NULL, NULL, 68, 36, NULL, 0, NULL),
(124, 18, NULL, NULL, 14, 74, NULL, 0, NULL),
(125, 18, NULL, NULL, 51, 4, NULL, 0, NULL),
(126, 18, NULL, NULL, 40, 17, NULL, 0, NULL),
(127, 19, NULL, NULL, 11, 78, NULL, 0, NULL),
(128, 19, NULL, NULL, 67, 38, NULL, 0, NULL),
(129, 19, NULL, NULL, 74, 45, NULL, 0, NULL),
(130, 19, NULL, NULL, 17, 51, NULL, 0, NULL),
(131, 19, NULL, NULL, 4, 14, NULL, 0, NULL),
(132, 19, NULL, NULL, 36, 40, NULL, 0, NULL),
(133, 19, NULL, NULL, 10, 68, NULL, 0, NULL),
(134, 20, NULL, NULL, 68, 78, NULL, 0, NULL),
(135, 20, NULL, NULL, 67, 11, NULL, 0, NULL),
(136, 20, NULL, NULL, 38, 74, NULL, 0, NULL),
(137, 20, NULL, NULL, 40, 10, NULL, 0, NULL),
(138, 20, NULL, NULL, 14, 17, NULL, 0, NULL),
(139, 20, NULL, NULL, 51, 36, NULL, 0, NULL),
(140, 20, NULL, NULL, 45, 4, NULL, 0, NULL),
(141, 21, NULL, NULL, 78, 40, NULL, 0, NULL),
(142, 21, NULL, NULL, 17, 45, NULL, 0, NULL),
(143, 21, NULL, NULL, 10, 51, NULL, 0, NULL),
(144, 21, NULL, NULL, 11, 68, NULL, 0, NULL),
(145, 21, NULL, NULL, 4, 38, NULL, 0, NULL),
(146, 21, NULL, NULL, 74, 67, NULL, 0, NULL),
(147, 21, NULL, NULL, 36, 14, NULL, 0, NULL),
(148, 22, NULL, NULL, 51, 78, NULL, 0, NULL),
(149, 22, NULL, NULL, 74, 11, NULL, 0, NULL),
(150, 22, NULL, NULL, 67, 4, NULL, 0, NULL),
(151, 22, NULL, NULL, 45, 36, NULL, 0, NULL),
(152, 22, NULL, NULL, 40, 68, NULL, 0, NULL),
(153, 22, NULL, NULL, 38, 17, NULL, 0, NULL),
(154, 22, NULL, NULL, 14, 10, NULL, 0, NULL),
(155, 23, NULL, NULL, 78, 14, NULL, 0, NULL),
(156, 23, NULL, NULL, 68, 51, NULL, 0, NULL),
(157, 23, NULL, NULL, 11, 40, NULL, 0, NULL),
(158, 23, NULL, NULL, 17, 67, NULL, 0, NULL),
(159, 23, NULL, NULL, 36, 38, NULL, 0, NULL),
(160, 23, NULL, NULL, 10, 45, NULL, 0, NULL),
(161, 23, NULL, NULL, 4, 74, NULL, 0, NULL),
(162, 24, NULL, NULL, 45, 78, NULL, 0, NULL),
(163, 24, NULL, NULL, 51, 40, NULL, 0, NULL),
(164, 24, NULL, NULL, 74, 17, NULL, 0, NULL),
(165, 24, NULL, NULL, 38, 10, NULL, 0, NULL),
(166, 24, NULL, NULL, 14, 68, NULL, 0, NULL),
(167, 24, NULL, NULL, 67, 36, NULL, 0, NULL),
(168, 24, NULL, NULL, 4, 11, NULL, 0, NULL),
(169, 25, NULL, NULL, 78, 38, NULL, 0, NULL),
(170, 25, NULL, NULL, 51, 11, NULL, 0, NULL),
(171, 25, NULL, NULL, 40, 14, NULL, 0, NULL),
(172, 25, NULL, NULL, 68, 45, NULL, 0, NULL),
(173, 25, NULL, NULL, 17, 4, NULL, 0, NULL),
(174, 25, NULL, NULL, 10, 67, NULL, 0, NULL),
(175, 25, NULL, NULL, 36, 74, NULL, 0, NULL),
(176, 26, NULL, NULL, 14, 51, NULL, 0, NULL),
(177, 26, NULL, NULL, 74, 10, NULL, 0, NULL),
(178, 26, NULL, NULL, 11, 17, NULL, 0, NULL),
(179, 26, NULL, NULL, 4, 36, NULL, 0, NULL),
(180, 26, NULL, NULL, 38, 68, NULL, 0, NULL),
(181, 26, NULL, NULL, 45, 40, NULL, 0, NULL),
(182, 26, NULL, NULL, 67, 78, NULL, 0, NULL),
(183, 1, NULL, NULL, 30, 32, NULL, 0, NULL),
(184, 1, NULL, NULL, 55, 59, NULL, 0, NULL),
(185, 1, NULL, NULL, 66, 75, NULL, 0, NULL),
(186, 1, NULL, NULL, 43, 3, NULL, 0, NULL),
(187, 1, NULL, NULL, 62, 64, NULL, 0, NULL),
(188, 1, NULL, NULL, 48, 53, NULL, 0, NULL),
(189, 1, NULL, NULL, 60, 61, NULL, 0, NULL),
(190, 2, NULL, NULL, 32, 60, NULL, 0, NULL),
(191, 2, NULL, NULL, 64, 43, NULL, 0, NULL),
(192, 2, NULL, NULL, 53, 62, NULL, 0, NULL),
(193, 2, NULL, NULL, 75, 55, NULL, 0, NULL),
(194, 2, NULL, NULL, 3, 66, NULL, 0, NULL),
(195, 2, NULL, NULL, 61, 48, NULL, 0, NULL),
(196, 2, NULL, NULL, 59, 30, NULL, 0, NULL),
(197, 3, NULL, NULL, 48, 62, NULL, 0, NULL),
(198, 3, NULL, NULL, 55, 3, NULL, 0, NULL),
(199, 3, NULL, NULL, 61, 32, NULL, 0, NULL),
(200, 3, NULL, NULL, 30, 75, NULL, 0, NULL),
(201, 3, NULL, NULL, 43, 53, NULL, 0, NULL),
(202, 3, NULL, NULL, 60, 59, NULL, 0, NULL),
(203, 3, NULL, NULL, 66, 64, NULL, 0, NULL),
(204, 4, NULL, NULL, 32, 48, NULL, 0, NULL),
(205, 4, NULL, NULL, 75, 60, NULL, 0, NULL),
(206, 4, NULL, NULL, 59, 61, NULL, 0, NULL),
(207, 4, NULL, NULL, 64, 55, NULL, 0, NULL),
(208, 4, NULL, NULL, 53, 66, NULL, 0, NULL),
(209, 4, NULL, NULL, 3, 30, NULL, 0, NULL),
(210, 4, NULL, NULL, 62, 43, NULL, 0, NULL),
(211, 5, NULL, NULL, 60, 3, NULL, 0, NULL),
(212, 5, NULL, NULL, 55, 53, NULL, 0, NULL),
(213, 5, NULL, NULL, 32, 59, NULL, 0, NULL),
(214, 5, NULL, NULL, 48, 43, NULL, 0, NULL),
(215, 5, NULL, NULL, 30, 64, NULL, 0, NULL),
(216, 5, NULL, NULL, 66, 62, NULL, 0, NULL),
(217, 5, NULL, NULL, 61, 75, NULL, 0, NULL),
(218, 6, NULL, NULL, 53, 30, NULL, 0, NULL),
(219, 6, NULL, NULL, 3, 61, NULL, 0, NULL),
(220, 6, NULL, NULL, 59, 48, NULL, 0, NULL),
(221, 6, NULL, NULL, 75, 32, NULL, 0, NULL),
(222, 6, NULL, NULL, 43, 66, NULL, 0, NULL),
(223, 6, NULL, NULL, 62, 55, NULL, 0, NULL),
(224, 6, NULL, NULL, 64, 60, NULL, 0, NULL),
(225, 7, NULL, NULL, 60, 53, NULL, 0, NULL),
(226, 7, NULL, NULL, 61, 64, NULL, 0, NULL),
(227, 7, NULL, NULL, 55, 43, NULL, 0, NULL),
(228, 7, NULL, NULL, 32, 3, NULL, 0, NULL),
(229, 7, NULL, NULL, 59, 75, NULL, 0, NULL),
(230, 7, NULL, NULL, 30, 62, NULL, 0, NULL),
(231, 7, NULL, NULL, 48, 66, NULL, 0, NULL),
(232, 8, NULL, NULL, 66, 55, NULL, 0, NULL),
(233, 8, NULL, NULL, 62, 60, NULL, 0, NULL),
(234, 8, NULL, NULL, 53, 61, NULL, 0, NULL),
(235, 8, NULL, NULL, 3, 59, NULL, 0, NULL),
(236, 8, NULL, NULL, 75, 48, NULL, 0, NULL),
(237, 8, NULL, NULL, 43, 30, NULL, 0, NULL),
(238, 8, NULL, NULL, 64, 32, NULL, 0, NULL),
(239, 9, NULL, NULL, 61, 62, NULL, 0, NULL),
(240, 9, NULL, NULL, 32, 53, NULL, 0, NULL),
(241, 9, NULL, NULL, 75, 3, NULL, 0, NULL),
(242, 9, NULL, NULL, 59, 64, NULL, 0, NULL),
(243, 9, NULL, NULL, 30, 66, NULL, 0, NULL),
(244, 9, NULL, NULL, 48, 55, NULL, 0, NULL),
(245, 9, NULL, NULL, 60, 43, NULL, 0, NULL),
(246, 10, NULL, NULL, 55, 30, NULL, 0, NULL),
(247, 10, NULL, NULL, 62, 32, NULL, 0, NULL),
(248, 10, NULL, NULL, 3, 48, NULL, 0, NULL),
(249, 10, NULL, NULL, 64, 75, NULL, 0, NULL),
(250, 10, NULL, NULL, 66, 60, NULL, 0, NULL),
(251, 10, NULL, NULL, 53, 59, NULL, 0, NULL),
(252, 10, NULL, NULL, 43, 61, NULL, 0, NULL),
(253, 11, NULL, NULL, 48, 30, NULL, 0, NULL),
(254, 11, NULL, NULL, 59, 62, NULL, 0, NULL),
(255, 11, NULL, NULL, 75, 53, NULL, 0, NULL),
(256, 11, NULL, NULL, 61, 66, NULL, 0, NULL),
(257, 11, NULL, NULL, 32, 43, NULL, 0, NULL),
(258, 11, NULL, NULL, 60, 55, NULL, 0, NULL),
(259, 11, NULL, NULL, 3, 64, NULL, 0, NULL),
(260, 12, NULL, NULL, 66, 32, NULL, 0, NULL),
(261, 12, NULL, NULL, 62, 75, NULL, 0, NULL),
(262, 12, NULL, NULL, 48, 64, NULL, 0, NULL),
(263, 12, NULL, NULL, 30, 60, NULL, 0, NULL),
(264, 12, NULL, NULL, 53, 3, NULL, 0, NULL),
(265, 12, NULL, NULL, 43, 59, NULL, 0, NULL),
(266, 12, NULL, NULL, 55, 61, NULL, 0, NULL),
(267, 13, NULL, NULL, 60, 48, NULL, 0, NULL),
(268, 13, NULL, NULL, 3, 62, NULL, 0, NULL),
(269, 13, NULL, NULL, 32, 55, NULL, 0, NULL),
(270, 13, NULL, NULL, 64, 53, NULL, 0, NULL),
(271, 13, NULL, NULL, 59, 66, NULL, 0, NULL),
(272, 13, NULL, NULL, 61, 30, NULL, 0, NULL),
(273, 13, NULL, NULL, 75, 43, NULL, 0, NULL),
(274, 14, NULL, NULL, 64, 62, NULL, 0, NULL),
(275, 14, NULL, NULL, 75, 66, NULL, 0, NULL),
(276, 14, NULL, NULL, 32, 30, NULL, 0, NULL),
(277, 14, NULL, NULL, 53, 48, NULL, 0, NULL),
(278, 14, NULL, NULL, 59, 55, NULL, 0, NULL),
(279, 14, NULL, NULL, 3, 43, NULL, 0, NULL),
(280, 14, NULL, NULL, 61, 60, NULL, 0, NULL),
(281, 15, NULL, NULL, 66, 3, NULL, 0, NULL),
(282, 15, NULL, NULL, 30, 59, NULL, 0, NULL),
(283, 15, NULL, NULL, 55, 75, NULL, 0, NULL),
(284, 15, NULL, NULL, 60, 32, NULL, 0, NULL),
(285, 15, NULL, NULL, 48, 61, NULL, 0, NULL),
(286, 15, NULL, NULL, 62, 53, NULL, 0, NULL),
(287, 15, NULL, NULL, 43, 64, NULL, 0, NULL),
(288, 16, NULL, NULL, 62, 48, NULL, 0, NULL),
(289, 16, NULL, NULL, 75, 30, NULL, 0, NULL),
(290, 16, NULL, NULL, 64, 66, NULL, 0, NULL),
(291, 16, NULL, NULL, 3, 55, NULL, 0, NULL),
(292, 16, NULL, NULL, 59, 60, NULL, 0, NULL),
(293, 16, NULL, NULL, 32, 61, NULL, 0, NULL),
(294, 16, NULL, NULL, 53, 43, NULL, 0, NULL),
(295, 17, NULL, NULL, 66, 53, NULL, 0, NULL),
(296, 17, NULL, NULL, 61, 59, NULL, 0, NULL),
(297, 17, NULL, NULL, 60, 75, NULL, 0, NULL),
(298, 17, NULL, NULL, 30, 3, NULL, 0, NULL),
(299, 17, NULL, NULL, 55, 64, NULL, 0, NULL),
(300, 17, NULL, NULL, 48, 32, NULL, 0, NULL),
(301, 17, NULL, NULL, 43, 62, NULL, 0, NULL),
(302, 18, NULL, NULL, 62, 66, NULL, 0, NULL),
(303, 18, NULL, NULL, 75, 61, NULL, 0, NULL),
(304, 18, NULL, NULL, 64, 30, NULL, 0, NULL),
(305, 18, NULL, NULL, 59, 32, NULL, 0, NULL),
(306, 18, NULL, NULL, 43, 48, NULL, 0, NULL),
(307, 18, NULL, NULL, 3, 60, NULL, 0, NULL),
(308, 18, NULL, NULL, 53, 55, NULL, 0, NULL),
(309, 19, NULL, NULL, 61, 3, NULL, 0, NULL),
(310, 19, NULL, NULL, 60, 64, NULL, 0, NULL),
(311, 19, NULL, NULL, 55, 62, NULL, 0, NULL),
(312, 19, NULL, NULL, 48, 59, NULL, 0, NULL),
(313, 19, NULL, NULL, 66, 43, NULL, 0, NULL),
(314, 19, NULL, NULL, 32, 75, NULL, 0, NULL),
(315, 19, NULL, NULL, 30, 53, NULL, 0, NULL),
(316, 20, NULL, NULL, 66, 48, NULL, 0, NULL),
(317, 20, NULL, NULL, 64, 61, NULL, 0, NULL),
(318, 20, NULL, NULL, 75, 59, NULL, 0, NULL),
(319, 20, NULL, NULL, 3, 32, NULL, 0, NULL),
(320, 20, NULL, NULL, 62, 30, NULL, 0, NULL),
(321, 20, NULL, NULL, 43, 55, NULL, 0, NULL),
(322, 20, NULL, NULL, 53, 60, NULL, 0, NULL),
(323, 21, NULL, NULL, 55, 66, NULL, 0, NULL),
(324, 21, NULL, NULL, 61, 53, NULL, 0, NULL),
(325, 21, NULL, NULL, 60, 62, NULL, 0, NULL),
(326, 21, NULL, NULL, 32, 64, NULL, 0, NULL),
(327, 21, NULL, NULL, 48, 75, NULL, 0, NULL),
(328, 21, NULL, NULL, 59, 3, NULL, 0, NULL),
(329, 21, NULL, NULL, 30, 43, NULL, 0, NULL),
(330, 22, NULL, NULL, 3, 75, NULL, 0, NULL),
(331, 22, NULL, NULL, 66, 30, NULL, 0, NULL),
(332, 22, NULL, NULL, 62, 61, NULL, 0, NULL),
(333, 22, NULL, NULL, 53, 32, NULL, 0, NULL),
(334, 22, NULL, NULL, 64, 59, NULL, 0, NULL),
(335, 22, NULL, NULL, 55, 48, NULL, 0, NULL),
(336, 22, NULL, NULL, 43, 60, NULL, 0, NULL),
(337, 23, NULL, NULL, 48, 3, NULL, 0, NULL),
(338, 23, NULL, NULL, 60, 66, NULL, 0, NULL),
(339, 23, NULL, NULL, 30, 55, NULL, 0, NULL),
(340, 23, NULL, NULL, 75, 64, NULL, 0, NULL),
(341, 23, NULL, NULL, 59, 53, NULL, 0, NULL),
(342, 23, NULL, NULL, 61, 43, NULL, 0, NULL),
(343, 23, NULL, NULL, 32, 62, NULL, 0, NULL),
(344, 24, NULL, NULL, 64, 3, NULL, 0, NULL),
(345, 24, NULL, NULL, 30, 48, NULL, 0, NULL),
(346, 24, NULL, NULL, 43, 32, NULL, 0, NULL),
(347, 24, NULL, NULL, 66, 61, NULL, 0, NULL),
(348, 24, NULL, NULL, 55, 60, NULL, 0, NULL),
(349, 24, NULL, NULL, 53, 75, NULL, 0, NULL),
(350, 24, NULL, NULL, 62, 59, NULL, 0, NULL),
(351, 25, NULL, NULL, 3, 53, NULL, 0, NULL),
(352, 25, NULL, NULL, 75, 62, NULL, 0, NULL),
(353, 25, NULL, NULL, 32, 66, NULL, 0, NULL),
(354, 25, NULL, NULL, 64, 48, NULL, 0, NULL),
(355, 25, NULL, NULL, 59, 43, NULL, 0, NULL),
(356, 25, NULL, NULL, 60, 30, NULL, 0, NULL),
(357, 25, NULL, NULL, 61, 55, NULL, 0, NULL),
(358, 26, NULL, NULL, 43, 75, NULL, 0, NULL),
(359, 26, NULL, NULL, 62, 3, NULL, 0, NULL),
(360, 26, NULL, NULL, 66, 59, NULL, 0, NULL),
(361, 26, NULL, NULL, 30, 61, NULL, 0, NULL),
(362, 26, NULL, NULL, 48, 60, NULL, 0, NULL),
(363, 26, NULL, NULL, 53, 64, NULL, 0, NULL),
(364, 26, NULL, NULL, 55, 32, NULL, 0, NULL),
(365, 1, NULL, NULL, 12, 19, NULL, 0, NULL),
(366, 1, NULL, NULL, 24, 83, NULL, 0, NULL),
(367, 1, NULL, NULL, 22, 1, NULL, 0, NULL),
(368, 1, NULL, NULL, 47, 21, NULL, 0, NULL),
(369, 1, NULL, NULL, 72, 73, NULL, 0, NULL),
(370, 1, NULL, NULL, 33, 34, NULL, 0, NULL),
(371, 1, NULL, NULL, 16, 2, NULL, 0, NULL),
(372, 2, NULL, NULL, 83, 12, NULL, 0, NULL),
(373, 2, NULL, NULL, 2, 47, NULL, 0, NULL),
(374, 2, NULL, NULL, 1, 24, NULL, 0, NULL),
(375, 2, NULL, NULL, 73, 16, NULL, 0, NULL),
(376, 2, NULL, NULL, 34, 72, NULL, 0, NULL),
(377, 2, NULL, NULL, 19, 46, NULL, 0, NULL),
(378, 2, NULL, NULL, 21, 22, NULL, 0, NULL),
(379, 3, NULL, NULL, 47, 73, NULL, 0, NULL),
(380, 3, NULL, NULL, 16, 34, NULL, 0, NULL),
(381, 3, NULL, NULL, 46, 33, NULL, 0, NULL),
(382, 3, NULL, NULL, 19, 83, NULL, 0, NULL),
(383, 3, NULL, NULL, 22, 2, NULL, 0, NULL),
(384, 3, NULL, NULL, 24, 21, NULL, 0, NULL),
(385, 3, NULL, NULL, 12, 1, NULL, 0, NULL),
(386, 4, NULL, NULL, 73, 22, NULL, 0, NULL),
(387, 4, NULL, NULL, 34, 47, NULL, 0, NULL),
(388, 4, NULL, NULL, 33, 72, NULL, 0, NULL),
(389, 4, NULL, NULL, 83, 46, NULL, 0, NULL),
(390, 4, NULL, NULL, 2, 24, NULL, 0, NULL),
(391, 4, NULL, NULL, 1, 19, NULL, 0, NULL),
(392, 4, NULL, NULL, 21, 12, NULL, 0, NULL),
(393, 5, NULL, NULL, 16, 33, NULL, 0, NULL),
(394, 5, NULL, NULL, 83, 1, NULL, 0, NULL),
(395, 5, NULL, NULL, 19, 21, NULL, 0, NULL),
(396, 5, NULL, NULL, 24, 73, NULL, 0, NULL),
(397, 5, NULL, NULL, 12, 2, NULL, 0, NULL),
(398, 5, NULL, NULL, 46, 72, NULL, 0, NULL),
(399, 5, NULL, NULL, 22, 34, NULL, 0, NULL),
(400, 6, NULL, NULL, 34, 24, NULL, 0, NULL),
(401, 6, NULL, NULL, 2, 19, NULL, 0, NULL),
(402, 6, NULL, NULL, 21, 83, NULL, 0, NULL),
(403, 6, NULL, NULL, 73, 12, NULL, 0, NULL),
(404, 6, NULL, NULL, 1, 46, NULL, 0, NULL),
(405, 6, NULL, NULL, 33, 47, NULL, 0, NULL),
(406, 6, NULL, NULL, 72, 16, NULL, 0, NULL),
(407, 7, NULL, NULL, 83, 2, NULL, 0, NULL),
(408, 7, NULL, NULL, 19, 73, NULL, 0, NULL),
(409, 7, NULL, NULL, 12, 34, NULL, 0, NULL),
(410, 7, NULL, NULL, 1, 21, NULL, 0, NULL),
(411, 7, NULL, NULL, 47, 72, NULL, 0, NULL),
(412, 7, NULL, NULL, 46, 16, NULL, 0, NULL),
(413, 7, NULL, NULL, 22, 33, NULL, 0, NULL),
(414, 8, NULL, NULL, 16, 47, NULL, 0, NULL),
(415, 8, NULL, NULL, 2, 1, NULL, 0, NULL),
(416, 8, NULL, NULL, 72, 22, NULL, 0, NULL),
(417, 8, NULL, NULL, 73, 83, NULL, 0, NULL),
(418, 8, NULL, NULL, 34, 19, NULL, 0, NULL),
(419, 8, NULL, NULL, 21, 46, NULL, 0, NULL),
(420, 8, NULL, NULL, 33, 24, NULL, 0, NULL),
(421, 9, NULL, NULL, 21, 2, NULL, 0, NULL),
(422, 9, NULL, NULL, 46, 47, NULL, 0, NULL),
(423, 9, NULL, NULL, 1, 73, NULL, 0, NULL),
(424, 9, NULL, NULL, 83, 34, NULL, 0, NULL),
(425, 9, NULL, NULL, 22, 16, NULL, 0, NULL),
(426, 9, NULL, NULL, 24, 72, NULL, 0, NULL),
(427, 9, NULL, NULL, 12, 33, NULL, 0, NULL),
(428, 10, NULL, NULL, 2, 46, NULL, 0, NULL),
(429, 10, NULL, NULL, 16, 24, NULL, 0, NULL),
(430, 10, NULL, NULL, 47, 22, NULL, 0, NULL),
(431, 10, NULL, NULL, 72, 12, NULL, 0, NULL),
(432, 10, NULL, NULL, 33, 19, NULL, 0, NULL),
(433, 10, NULL, NULL, 73, 21, NULL, 0, NULL),
(434, 10, NULL, NULL, 34, 1, NULL, 0, NULL),
(435, 11, NULL, NULL, 2, 73, NULL, 0, NULL),
(436, 11, NULL, NULL, 12, 16, NULL, 0, NULL),
(437, 11, NULL, NULL, 21, 34, NULL, 0, NULL),
(438, 11, NULL, NULL, 83, 33, NULL, 0, NULL),
(439, 11, NULL, NULL, 46, 22, NULL, 0, NULL),
(440, 11, NULL, NULL, 24, 47, NULL, 0, NULL),
(441, 11, NULL, NULL, 19, 72, NULL, 0, NULL),
(442, 12, NULL, NULL, 34, 2, NULL, 0, NULL),
(443, 12, NULL, NULL, 47, 12, NULL, 0, NULL),
(444, 12, NULL, NULL, 16, 19, NULL, 0, NULL),
(445, 12, NULL, NULL, 33, 1, NULL, 0, NULL),
(446, 12, NULL, NULL, 22, 24, NULL, 0, NULL),
(447, 12, NULL, NULL, 73, 46, NULL, 0, NULL),
(448, 12, NULL, NULL, 72, 83, NULL, 0, NULL),
(449, 13, NULL, NULL, 21, 33, NULL, 0, NULL),
(450, 13, NULL, NULL, 73, 34, NULL, 0, NULL),
(451, 13, NULL, NULL, 83, 16, NULL, 0, NULL),
(452, 13, NULL, NULL, 12, 22, NULL, 0, NULL),
(453, 13, NULL, NULL, 1, 72, NULL, 0, NULL),
(454, 13, NULL, NULL, 19, 47, NULL, 0, NULL),
(455, 13, NULL, NULL, 46, 24, NULL, 0, NULL),
(456, 14, NULL, NULL, 33, 2, NULL, 0, NULL),
(457, 14, NULL, NULL, 22, 19, NULL, 0, NULL),
(458, 14, NULL, NULL, 24, 12, NULL, 0, NULL),
(459, 14, NULL, NULL, 47, 83, NULL, 0, NULL),
(460, 14, NULL, NULL, 16, 1, NULL, 0, NULL),
(461, 14, NULL, NULL, 46, 34, NULL, 0, NULL),
(462, 14, NULL, NULL, 72, 21, NULL, 0, NULL),
(463, 15, NULL, NULL, 2, 72, NULL, 0, NULL),
(464, 15, NULL, NULL, 83, 22, NULL, 0, NULL),
(465, 15, NULL, NULL, 1, 47, NULL, 0, NULL),
(466, 15, NULL, NULL, 73, 33, NULL, 0, NULL),
(467, 15, NULL, NULL, 19, 24, NULL, 0, NULL),
(468, 15, NULL, NULL, 21, 16, NULL, 0, NULL),
(469, 15, NULL, NULL, 12, 46, NULL, 0, NULL),
(470, 16, NULL, NULL, 2, 16, NULL, 0, NULL),
(471, 16, NULL, NULL, 1, 22, NULL, 0, NULL),
(472, 16, NULL, NULL, 19, 12, NULL, 0, NULL),
(473, 16, NULL, NULL, 34, 33, NULL, 0, NULL),
(474, 16, NULL, NULL, 21, 47, NULL, 0, NULL),
(475, 16, NULL, NULL, 83, 24, NULL, 0, NULL),
(476, 16, NULL, NULL, 73, 72, NULL, 0, NULL),
(477, 17, NULL, NULL, 72, 34, NULL, 0, NULL),
(478, 17, NULL, NULL, 22, 21, NULL, 0, NULL),
(479, 17, NULL, NULL, 47, 2, NULL, 0, NULL),
(480, 17, NULL, NULL, 12, 83, NULL, 0, NULL),
(481, 17, NULL, NULL, 16, 73, NULL, 0, NULL),
(482, 17, NULL, NULL, 24, 1, NULL, 0, NULL),
(483, 17, NULL, NULL, 46, 19, NULL, 0, NULL),
(484, 18, NULL, NULL, 34, 16, NULL, 0, NULL),
(485, 18, NULL, NULL, 2, 22, NULL, 0, NULL),
(486, 18, NULL, NULL, 21, 24, NULL, 0, NULL),
(487, 18, NULL, NULL, 33, 46, NULL, 0, NULL),
(488, 18, NULL, NULL, 1, 12, NULL, 0, NULL),
(489, 18, NULL, NULL, 83, 19, NULL, 0, NULL),
(490, 18, NULL, NULL, 73, 47, NULL, 0, NULL),
(491, 19, NULL, NULL, 24, 2, NULL, 0, NULL),
(492, 19, NULL, NULL, 72, 33, NULL, 0, NULL),
(493, 19, NULL, NULL, 12, 21, NULL, 0, NULL),
(494, 19, NULL, NULL, 46, 83, NULL, 0, NULL),
(495, 19, NULL, NULL, 47, 34, NULL, 0, NULL),
(496, 19, NULL, NULL, 22, 73, NULL, 0, NULL),
(497, 19, NULL, NULL, 19, 1, NULL, 0, NULL),
(498, 20, NULL, NULL, 34, 22, NULL, 0, NULL),
(499, 20, NULL, NULL, 73, 24, NULL, 0, NULL),
(500, 20, NULL, NULL, 33, 16, NULL, 0, NULL),
(501, 20, NULL, NULL, 2, 12, NULL, 0, NULL),
(502, 20, NULL, NULL, 1, 83, NULL, 0, NULL),
(503, 20, NULL, NULL, 21, 19, NULL, 0, NULL),
(504, 20, NULL, NULL, 72, 46, NULL, 0, NULL),
(505, 21, NULL, NULL, 19, 2, NULL, 0, NULL),
(506, 21, NULL, NULL, 47, 33, NULL, 0, NULL),
(507, 21, NULL, NULL, 24, 34, NULL, 0, NULL),
(508, 21, NULL, NULL, 83, 21, NULL, 0, NULL),
(509, 21, NULL, NULL, 12, 73, NULL, 0, NULL),
(510, 21, NULL, NULL, 16, 72, NULL, 0, NULL),
(511, 21, NULL, NULL, 46, 1, NULL, 0, NULL),
(512, 22, NULL, NULL, 2, 83, NULL, 0, NULL),
(513, 22, NULL, NULL, 72, 47, NULL, 0, NULL),
(514, 22, NULL, NULL, 34, 12, NULL, 0, NULL),
(515, 22, NULL, NULL, 73, 19, NULL, 0, NULL),
(516, 22, NULL, NULL, 21, 1, NULL, 0, NULL),
(517, 22, NULL, NULL, 33, 22, NULL, 0, NULL),
(518, 22, NULL, NULL, 16, 46, NULL, 0, NULL),
(519, 23, NULL, NULL, 19, 34, NULL, 0, NULL),
(520, 23, NULL, NULL, 83, 73, NULL, 0, NULL),
(521, 23, NULL, NULL, 22, 72, NULL, 0, NULL),
(522, 23, NULL, NULL, 1, 2, NULL, 0, NULL),
(523, 23, NULL, NULL, 24, 33, NULL, 0, NULL),
(524, 23, NULL, NULL, 47, 16, NULL, 0, NULL),
(525, 23, NULL, NULL, 46, 21, NULL, 0, NULL),
(526, 24, NULL, NULL, 2, 21, NULL, 0, NULL),
(527, 24, NULL, NULL, 73, 1, NULL, 0, NULL),
(528, 24, NULL, NULL, 16, 22, NULL, 0, NULL),
(529, 24, NULL, NULL, 33, 12, NULL, 0, NULL),
(530, 24, NULL, NULL, 72, 24, NULL, 0, NULL),
(531, 24, NULL, NULL, 34, 83, NULL, 0, NULL),
(532, 24, NULL, NULL, 47, 46, NULL, 0, NULL),
(533, 25, NULL, NULL, 1, 34, NULL, 0, NULL),
(534, 25, NULL, NULL, 46, 2, NULL, 0, NULL),
(535, 25, NULL, NULL, 22, 47, NULL, 0, NULL),
(536, 25, NULL, NULL, 21, 73, NULL, 0, NULL),
(537, 25, NULL, NULL, 24, 16, NULL, 0, NULL),
(538, 25, NULL, NULL, 12, 72, NULL, 0, NULL),
(539, 25, NULL, NULL, 19, 33, NULL, 0, NULL),
(540, 26, NULL, NULL, 47, 24, NULL, 0, NULL),
(541, 26, NULL, NULL, 73, 2, NULL, 0, NULL),
(542, 26, NULL, NULL, 34, 21, NULL, 0, NULL),
(543, 26, NULL, NULL, 72, 19, NULL, 0, NULL),
(544, 26, NULL, NULL, 33, 83, NULL, 0, NULL),
(545, 26, NULL, NULL, 16, 12, NULL, 0, NULL),
(546, 26, NULL, NULL, 22, 46, NULL, 0, NULL),
(547, 27, NULL, NULL, 12, 47, NULL, 0, NULL),
(548, 27, NULL, NULL, 1, 33, NULL, 0, NULL),
(549, 27, NULL, NULL, 2, 34, NULL, 0, NULL),
(550, 27, NULL, NULL, 19, 16, NULL, 0, NULL),
(551, 27, NULL, NULL, 83, 72, NULL, 0, NULL),
(552, 27, NULL, NULL, 24, 22, NULL, 0, NULL),
(553, 27, NULL, NULL, 46, 73, NULL, 0, NULL),
(554, 28, NULL, NULL, 72, 1, NULL, 0, NULL),
(555, 28, NULL, NULL, 47, 19, NULL, 0, NULL),
(556, 28, NULL, NULL, 34, 73, NULL, 0, NULL),
(557, 28, NULL, NULL, 22, 12, NULL, 0, NULL),
(558, 28, NULL, NULL, 16, 83, NULL, 0, NULL),
(559, 28, NULL, NULL, 33, 21, NULL, 0, NULL),
(560, 28, NULL, NULL, 24, 46, NULL, 0, NULL),
(561, 29, NULL, NULL, 2, 33, NULL, 0, NULL),
(562, 29, NULL, NULL, 34, 46, NULL, 0, NULL),
(563, 29, NULL, NULL, 83, 47, NULL, 0, NULL),
(564, 29, NULL, NULL, 21, 72, NULL, 0, NULL),
(565, 29, NULL, NULL, 12, 24, NULL, 0, NULL),
(566, 29, NULL, NULL, 1, 16, NULL, 0, NULL),
(567, 29, NULL, NULL, 19, 22, NULL, 0, NULL),
(568, 30, NULL, NULL, 22, 83, NULL, 0, NULL),
(569, 30, NULL, NULL, 72, 2, NULL, 0, NULL),
(570, 30, NULL, NULL, 16, 21, NULL, 0, NULL),
(571, 30, NULL, NULL, 47, 1, NULL, 0, NULL),
(572, 30, NULL, NULL, 24, 19, NULL, 0, NULL),
(573, 30, NULL, NULL, 33, 73, NULL, 0, NULL),
(574, 30, NULL, NULL, 46, 12, NULL, 0, NULL),
(575, 1, NULL, NULL, 6, 8, NULL, 0, NULL),
(576, 1, NULL, NULL, 49, 13, NULL, 0, NULL),
(577, 1, NULL, NULL, 84, 58, NULL, 0, NULL),
(578, 1, NULL, NULL, 31, 35, NULL, 0, NULL),
(579, 1, NULL, NULL, 37, 39, NULL, 0, NULL),
(580, 1, NULL, NULL, 15, 23, NULL, 0, NULL),
(581, 1, NULL, NULL, 26, 28, NULL, 0, NULL),
(582, 1, NULL, NULL, 18, 44, NULL, 0, NULL),
(583, 2, NULL, NULL, 23, 37, NULL, 0, NULL),
(584, 2, NULL, NULL, 13, 6, NULL, 0, NULL),
(585, 2, NULL, NULL, 8, 26, NULL, 0, NULL),
(586, 2, NULL, NULL, 39, 31, NULL, 0, NULL),
(587, 2, NULL, NULL, 28, 15, NULL, 0, NULL),
(588, 2, NULL, NULL, 35, 18, NULL, 0, NULL),
(589, 2, NULL, NULL, 58, 49, NULL, 0, NULL),
(590, 2, NULL, NULL, 44, 84, NULL, 0, NULL),
(591, 3, NULL, NULL, 8, 13, NULL, 0, NULL),
(592, 3, NULL, NULL, 84, 35, NULL, 0, NULL),
(593, 3, NULL, NULL, 31, 23, NULL, 0, NULL),
(594, 3, NULL, NULL, 6, 58, NULL, 0, NULL),
(595, 3, NULL, NULL, 49, 44, NULL, 0, NULL),
(596, 3, NULL, NULL, 18, 39, NULL, 0, NULL),
(597, 3, NULL, NULL, 26, 15, NULL, 0, NULL),
(598, 3, NULL, NULL, 37, 28, NULL, 0, NULL),
(599, 4, NULL, NULL, 28, 31, NULL, 0, NULL),
(600, 4, NULL, NULL, 15, 37, NULL, 0, NULL),
(601, 4, NULL, NULL, 58, 8, NULL, 0, NULL),
(602, 4, NULL, NULL, 35, 49, NULL, 0, NULL),
(603, 4, NULL, NULL, 13, 26, NULL, 0, NULL),
(604, 4, NULL, NULL, 23, 18, NULL, 0, NULL),
(605, 4, NULL, NULL, 44, 6, NULL, 0, NULL),
(606, 4, NULL, NULL, 39, 84, NULL, 0, NULL),
(607, 5, NULL, NULL, 13, 58, NULL, 0, NULL),
(608, 5, NULL, NULL, 84, 23, NULL, 0, NULL),
(609, 5, NULL, NULL, 26, 37, NULL, 0, NULL),
(610, 5, NULL, NULL, 6, 35, NULL, 0, NULL),
(611, 5, NULL, NULL, 8, 44, NULL, 0, NULL),
(612, 5, NULL, NULL, 31, 15, NULL, 0, NULL),
(613, 5, NULL, NULL, 49, 39, NULL, 0, NULL),
(614, 5, NULL, NULL, 18, 28, NULL, 0, NULL),
(615, 6, NULL, NULL, 15, 18, NULL, 0, NULL),
(616, 6, NULL, NULL, 39, 6, NULL, 0, NULL),
(617, 6, NULL, NULL, 23, 49, NULL, 0, NULL),
(618, 6, NULL, NULL, 58, 26, NULL, 0, NULL),
(619, 6, NULL, NULL, 28, 84, NULL, 0, NULL),
(620, 6, NULL, NULL, 35, 8, NULL, 0, NULL),
(621, 6, NULL, NULL, 44, 13, NULL, 0, NULL),
(622, 6, NULL, NULL, 37, 31, NULL, 0, NULL),
(623, 7, NULL, NULL, 26, 31, NULL, 0, NULL),
(624, 7, NULL, NULL, 58, 44, NULL, 0, NULL),
(625, 7, NULL, NULL, 18, 37, NULL, 0, NULL),
(626, 7, NULL, NULL, 6, 23, NULL, 0, NULL),
(627, 7, NULL, NULL, 84, 15, NULL, 0, NULL),
(628, 7, NULL, NULL, 49, 28, NULL, 0, NULL),
(629, 7, NULL, NULL, 13, 35, NULL, 0, NULL),
(630, 7, NULL, NULL, 8, 39, NULL, 0, NULL),
(631, 8, NULL, NULL, 44, 26, NULL, 0, NULL),
(632, 8, NULL, NULL, 35, 58, NULL, 0, NULL),
(633, 8, NULL, NULL, 28, 6, NULL, 0, NULL),
(634, 8, NULL, NULL, 23, 8, NULL, 0, NULL),
(635, 8, NULL, NULL, 15, 49, NULL, 0, NULL),
(636, 8, NULL, NULL, 37, 84, NULL, 0, NULL),
(637, 8, NULL, NULL, 31, 18, NULL, 0, NULL),
(638, 8, NULL, NULL, 39, 13, NULL, 0, NULL),
(639, 9, NULL, NULL, 84, 31, NULL, 0, NULL),
(640, 9, NULL, NULL, 6, 15, NULL, 0, NULL),
(641, 9, NULL, NULL, 58, 39, NULL, 0, NULL),
(642, 9, NULL, NULL, 8, 28, NULL, 0, NULL),
(643, 9, NULL, NULL, 13, 23, NULL, 0, NULL),
(644, 9, NULL, NULL, 49, 37, NULL, 0, NULL),
(645, 9, NULL, NULL, 44, 35, NULL, 0, NULL),
(646, 9, NULL, NULL, 26, 18, NULL, 0, NULL),
(647, 10, NULL, NULL, 37, 6, NULL, 0, NULL),
(648, 10, NULL, NULL, 28, 13, NULL, 0, NULL),
(649, 10, NULL, NULL, 15, 8, NULL, 0, NULL),
(650, 10, NULL, NULL, 31, 49, NULL, 0, NULL),
(651, 10, NULL, NULL, 23, 58, NULL, 0, NULL),
(652, 10, NULL, NULL, 18, 84, NULL, 0, NULL),
(653, 10, NULL, NULL, 35, 26, NULL, 0, NULL),
(654, 10, NULL, NULL, 39, 44, NULL, 0, NULL),
(655, 11, NULL, NULL, 26, 84, NULL, 0, NULL),
(656, 11, NULL, NULL, 6, 31, NULL, 0, NULL),
(657, 11, NULL, NULL, 58, 28, NULL, 0, NULL),
(658, 11, NULL, NULL, 8, 37, NULL, 0, NULL),
(659, 11, NULL, NULL, 35, 39, NULL, 0, NULL),
(660, 11, NULL, NULL, 44, 23, NULL, 0, NULL),
(661, 11, NULL, NULL, 49, 18, NULL, 0, NULL),
(662, 11, NULL, NULL, 13, 15, NULL, 0, NULL),
(663, 12, NULL, NULL, 15, 58, NULL, 0, NULL),
(664, 12, NULL, NULL, 84, 49, NULL, 0, NULL),
(665, 12, NULL, NULL, 18, 6, NULL, 0, NULL),
(666, 12, NULL, NULL, 31, 8, NULL, 0, NULL),
(667, 12, NULL, NULL, 28, 44, NULL, 0, NULL),
(668, 12, NULL, NULL, 39, 26, NULL, 0, NULL),
(669, 12, NULL, NULL, 37, 13, NULL, 0, NULL),
(670, 12, NULL, NULL, 23, 35, NULL, 0, NULL),
(671, 13, NULL, NULL, 13, 31, NULL, 0, NULL),
(672, 13, NULL, NULL, 35, 28, NULL, 0, NULL),
(673, 13, NULL, NULL, 8, 18, NULL, 0, NULL),
(674, 13, NULL, NULL, 44, 15, NULL, 0, NULL),
(675, 13, NULL, NULL, 58, 37, NULL, 0, NULL),
(676, 13, NULL, NULL, 26, 49, NULL, 0, NULL),
(677, 13, NULL, NULL, 39, 23, NULL, 0, NULL),
(678, 13, NULL, NULL, 6, 84, NULL, 0, NULL),
(679, 14, NULL, NULL, 15, 35, NULL, 0, NULL),
(680, 14, NULL, NULL, 37, 44, NULL, 0, NULL),
(681, 14, NULL, NULL, 31, 58, NULL, 0, NULL),
(682, 14, NULL, NULL, 49, 6, NULL, 0, NULL),
(683, 14, NULL, NULL, 84, 8, NULL, 0, NULL),
(684, 14, NULL, NULL, 18, 13, NULL, 0, NULL),
(685, 14, NULL, NULL, 26, 23, NULL, 0, NULL),
(686, 14, NULL, NULL, 28, 39, NULL, 0, NULL),
(687, 15, NULL, NULL, 6, 26, NULL, 0, NULL),
(688, 15, NULL, NULL, 8, 49, NULL, 0, NULL),
(689, 15, NULL, NULL, 58, 18, NULL, 0, NULL),
(690, 15, NULL, NULL, 13, 84, NULL, 0, NULL),
(691, 15, NULL, NULL, 44, 31, NULL, 0, NULL),
(692, 15, NULL, NULL, 35, 37, NULL, 0, NULL),
(693, 15, NULL, NULL, 39, 15, NULL, 0, NULL),
(694, 15, NULL, NULL, 23, 28, NULL, 0, NULL),
(695, 16, NULL, NULL, 13, 49, NULL, 0, NULL),
(696, 16, NULL, NULL, 44, 18, NULL, 0, NULL),
(697, 16, NULL, NULL, 8, 6, NULL, 0, NULL),
(698, 16, NULL, NULL, 35, 31, NULL, 0, NULL),
(699, 16, NULL, NULL, 28, 26, NULL, 0, NULL),
(700, 16, NULL, NULL, 39, 37, NULL, 0, NULL),
(701, 16, NULL, NULL, 23, 15, NULL, 0, NULL),
(702, 16, NULL, NULL, 58, 84, NULL, 0, NULL),
(703, 17, NULL, NULL, 84, 44, NULL, 0, NULL),
(704, 17, NULL, NULL, 15, 28, NULL, 0, NULL),
(705, 17, NULL, NULL, 37, 23, NULL, 0, NULL),
(706, 17, NULL, NULL, 49, 58, NULL, 0, NULL),
(707, 17, NULL, NULL, 6, 13, NULL, 0, NULL),
(708, 17, NULL, NULL, 26, 8, NULL, 0, NULL),
(709, 17, NULL, NULL, 18, 35, NULL, 0, NULL),
(710, 17, NULL, NULL, 31, 39, NULL, 0, NULL),
(711, 18, NULL, NULL, 58, 6, NULL, 0, NULL),
(712, 18, NULL, NULL, 15, 26, NULL, 0, NULL),
(713, 18, NULL, NULL, 28, 37, NULL, 0, NULL),
(714, 18, NULL, NULL, 39, 18, NULL, 0, NULL),
(715, 18, NULL, NULL, 35, 84, NULL, 0, NULL),
(716, 18, NULL, NULL, 13, 8, NULL, 0, NULL),
(717, 18, NULL, NULL, 23, 31, NULL, 0, NULL),
(718, 18, NULL, NULL, 44, 49, NULL, 0, NULL),
(719, 19, NULL, NULL, 84, 39, NULL, 0, NULL),
(720, 19, NULL, NULL, 37, 15, NULL, 0, NULL),
(721, 19, NULL, NULL, 6, 44, NULL, 0, NULL),
(722, 19, NULL, NULL, 26, 13, NULL, 0, NULL),
(723, 19, NULL, NULL, 31, 28, NULL, 0, NULL),
(724, 19, NULL, NULL, 49, 35, NULL, 0, NULL),
(725, 19, NULL, NULL, 8, 58, NULL, 0, NULL),
(726, 19, NULL, NULL, 18, 23, NULL, 0, NULL),
(727, 20, NULL, NULL, 28, 18, NULL, 0, NULL),
(728, 20, NULL, NULL, 37, 26, NULL, 0, NULL),
(729, 20, NULL, NULL, 23, 84, NULL, 0, NULL),
(730, 20, NULL, NULL, 58, 13, NULL, 0, NULL),
(731, 20, NULL, NULL, 39, 49, NULL, 0, NULL),
(732, 20, NULL, NULL, 35, 6, NULL, 0, NULL),
(733, 20, NULL, NULL, 44, 8, NULL, 0, NULL),
(734, 20, NULL, NULL, 15, 31, NULL, 0, NULL),
(735, 21, NULL, NULL, 49, 23, NULL, 0, NULL),
(736, 21, NULL, NULL, 13, 44, NULL, 0, NULL),
(737, 21, NULL, NULL, 18, 15, NULL, 0, NULL),
(738, 21, NULL, NULL, 8, 35, NULL, 0, NULL),
(739, 21, NULL, NULL, 84, 28, NULL, 0, NULL),
(740, 21, NULL, NULL, 31, 37, NULL, 0, NULL),
(741, 21, NULL, NULL, 26, 58, NULL, 0, NULL),
(742, 21, NULL, NULL, 6, 39, NULL, 0, NULL),
(743, 22, NULL, NULL, 37, 18, NULL, 0, NULL),
(744, 22, NULL, NULL, 15, 84, NULL, 0, NULL),
(745, 22, NULL, NULL, 44, 58, NULL, 0, NULL),
(746, 22, NULL, NULL, 23, 6, NULL, 0, NULL),
(747, 22, NULL, NULL, 31, 26, NULL, 0, NULL),
(748, 22, NULL, NULL, 28, 49, NULL, 0, NULL),
(749, 22, NULL, NULL, 35, 13, NULL, 0, NULL),
(750, 22, NULL, NULL, 39, 8, NULL, 0, NULL),
(751, 23, NULL, NULL, 84, 37, NULL, 0, NULL),
(752, 23, NULL, NULL, 18, 31, NULL, 0, NULL),
(753, 23, NULL, NULL, 58, 35, NULL, 0, NULL),
(754, 23, NULL, NULL, 49, 15, NULL, 0, NULL),
(755, 23, NULL, NULL, 8, 23, NULL, 0, NULL),
(756, 23, NULL, NULL, 6, 28, NULL, 0, NULL),
(757, 23, NULL, NULL, 26, 44, NULL, 0, NULL),
(758, 23, NULL, NULL, 13, 39, NULL, 0, NULL),
(759, 24, NULL, NULL, 31, 84, NULL, 0, NULL),
(760, 24, NULL, NULL, 35, 44, NULL, 0, NULL),
(761, 24, NULL, NULL, 15, 6, NULL, 0, NULL),
(762, 24, NULL, NULL, 28, 8, NULL, 0, NULL),
(763, 24, NULL, NULL, 39, 58, NULL, 0, NULL),
(764, 24, NULL, NULL, 18, 26, NULL, 0, NULL),
(765, 24, NULL, NULL, 23, 13, NULL, 0, NULL),
(766, 24, NULL, NULL, 37, 49, NULL, 0, NULL),
(767, 25, NULL, NULL, 84, 18, NULL, 0, NULL),
(768, 25, NULL, NULL, 58, 23, NULL, 0, NULL),
(769, 25, NULL, NULL, 26, 35, NULL, 0, NULL),
(770, 25, NULL, NULL, 44, 39, NULL, 0, NULL),
(771, 25, NULL, NULL, 49, 31, NULL, 0, NULL),
(772, 25, NULL, NULL, 6, 37, NULL, 0, NULL),
(773, 25, NULL, NULL, 8, 15, NULL, 0, NULL),
(774, 25, NULL, NULL, 13, 28, NULL, 0, NULL),
(775, 26, NULL, NULL, 15, 13, NULL, 0, NULL),
(776, 26, NULL, NULL, 37, 8, NULL, 0, NULL),
(777, 26, NULL, NULL, 18, 49, NULL, 0, NULL),
(778, 26, NULL, NULL, 31, 6, NULL, 0, NULL),
(779, 26, NULL, NULL, 23, 44, NULL, 0, NULL),
(780, 26, NULL, NULL, 84, 26, NULL, 0, NULL),
(781, 26, NULL, NULL, 28, 58, NULL, 0, NULL),
(782, 26, NULL, NULL, 39, 35, NULL, 0, NULL),
(783, 27, NULL, NULL, 13, 37, NULL, 0, NULL),
(784, 27, NULL, NULL, 44, 28, NULL, 0, NULL),
(785, 27, NULL, NULL, 58, 15, NULL, 0, NULL),
(786, 27, NULL, NULL, 8, 31, NULL, 0, NULL),
(787, 27, NULL, NULL, 35, 23, NULL, 0, NULL),
(788, 27, NULL, NULL, 26, 39, NULL, 0, NULL),
(789, 27, NULL, NULL, 6, 18, NULL, 0, NULL),
(790, 27, NULL, NULL, 49, 84, NULL, 0, NULL),
(791, 28, NULL, NULL, 31, 13, NULL, 0, NULL),
(792, 28, NULL, NULL, 15, 44, NULL, 0, NULL),
(793, 28, NULL, NULL, 18, 8, NULL, 0, NULL),
(794, 28, NULL, NULL, 37, 58, NULL, 0, NULL),
(795, 28, NULL, NULL, 23, 39, NULL, 0, NULL),
(796, 28, NULL, NULL, 28, 35, NULL, 0, NULL),
(797, 28, NULL, NULL, 49, 26, NULL, 0, NULL),
(798, 28, NULL, NULL, 84, 6, NULL, 0, NULL),
(799, 29, NULL, NULL, 58, 31, NULL, 0, NULL),
(800, 29, NULL, NULL, 44, 37, NULL, 0, NULL),
(801, 29, NULL, NULL, 6, 49, NULL, 0, NULL),
(802, 29, NULL, NULL, 23, 26, NULL, 0, NULL),
(803, 29, NULL, NULL, 35, 15, NULL, 0, NULL),
(804, 29, NULL, NULL, 8, 84, NULL, 0, NULL),
(805, 29, NULL, NULL, 39, 28, NULL, 0, NULL),
(806, 29, NULL, NULL, 13, 18, NULL, 0, NULL),
(807, 30, NULL, NULL, 18, 58, NULL, 0, NULL),
(808, 30, NULL, NULL, 31, 44, NULL, 0, NULL),
(809, 30, NULL, NULL, 26, 6, NULL, 0, NULL),
(810, 30, NULL, NULL, 37, 35, NULL, 0, NULL),
(811, 30, NULL, NULL, 49, 8, NULL, 0, NULL),
(812, 30, NULL, NULL, 84, 13, NULL, 0, NULL),
(813, 30, NULL, NULL, 15, 39, NULL, 0, NULL),
(814, 30, NULL, NULL, 28, 23, NULL, 0, NULL),
(815, 1, NULL, NULL, 71, 77, NULL, 0, NULL),
(816, 1, NULL, NULL, 29, 50, NULL, 0, NULL),
(817, 1, NULL, NULL, 52, 54, NULL, 0, NULL),
(818, 1, NULL, NULL, 79, 81, NULL, 0, NULL),
(819, 1, NULL, NULL, 20, 5, NULL, 0, NULL),
(820, 1, NULL, NULL, 7, 27, NULL, 0, NULL),
(821, 2, NULL, NULL, 77, 7, NULL, 0, NULL),
(822, 2, NULL, NULL, 50, 71, NULL, 0, NULL),
(823, 2, NULL, NULL, 54, 29, NULL, 0, NULL),
(824, 2, NULL, NULL, 81, 52, NULL, 0, NULL),
(825, 2, NULL, NULL, 5, 79, NULL, 0, NULL),
(826, 2, NULL, NULL, 27, 20, NULL, 0, NULL),
(827, 3, NULL, NULL, 77, 50, NULL, 0, NULL),
(828, 3, NULL, NULL, 71, 54, NULL, 0, NULL),
(829, 3, NULL, NULL, 52, 5, NULL, 0, NULL),
(830, 3, NULL, NULL, 79, 27, NULL, 0, NULL),
(831, 3, NULL, NULL, 7, 20, NULL, 0, NULL),
(832, 3, NULL, NULL, 29, 81, NULL, 0, NULL),
(833, 4, NULL, NULL, 81, 71, NULL, 0, NULL),
(834, 4, NULL, NULL, 20, 79, NULL, 0, NULL),
(835, 4, NULL, NULL, 27, 52, NULL, 0, NULL),
(836, 4, NULL, NULL, 50, 7, NULL, 0, NULL),
(837, 4, NULL, NULL, 54, 77, NULL, 0, NULL),
(838, 4, NULL, NULL, 5, 29, NULL, 0, NULL),
(839, 5, NULL, NULL, 71, 5, NULL, 0, NULL),
(840, 5, NULL, NULL, 7, 79, NULL, 0, NULL),
(841, 5, NULL, NULL, 29, 27, NULL, 0, NULL),
(842, 5, NULL, NULL, 77, 81, NULL, 0, NULL),
(843, 5, NULL, NULL, 52, 20, NULL, 0, NULL),
(844, 5, NULL, NULL, 50, 54, NULL, 0, NULL),
(845, 6, NULL, NULL, 81, 50, NULL, 0, NULL),
(846, 6, NULL, NULL, 79, 52, NULL, 0, NULL),
(847, 6, NULL, NULL, 54, 7, NULL, 0, NULL),
(848, 6, NULL, NULL, 5, 77, NULL, 0, NULL),
(849, 6, NULL, NULL, 20, 29, NULL, 0, NULL),
(850, 6, NULL, NULL, 27, 71, NULL, 0, NULL),
(851, 7, NULL, NULL, 29, 79, NULL, 0, NULL),
(852, 7, NULL, NULL, 7, 52, NULL, 0, NULL),
(853, 7, NULL, NULL, 77, 27, NULL, 0, NULL),
(854, 7, NULL, NULL, 71, 20, NULL, 0, NULL),
(855, 7, NULL, NULL, 54, 81, NULL, 0, NULL),
(856, 7, NULL, NULL, 50, 5, NULL, 0, NULL),
(857, 8, NULL, NULL, 52, 29, NULL, 0, NULL),
(858, 8, NULL, NULL, 5, 54, NULL, 0, NULL),
(859, 8, NULL, NULL, 81, 7, NULL, 0, NULL),
(860, 8, NULL, NULL, 27, 50, NULL, 0, NULL),
(861, 8, NULL, NULL, 79, 71, NULL, 0, NULL),
(862, 8, NULL, NULL, 20, 77, NULL, 0, NULL),
(863, 9, NULL, NULL, 71, 52, NULL, 0, NULL),
(864, 9, NULL, NULL, 50, 20, NULL, 0, NULL),
(865, 9, NULL, NULL, 7, 29, NULL, 0, NULL),
(866, 9, NULL, NULL, 77, 79, NULL, 0, NULL),
(867, 9, NULL, NULL, 81, 5, NULL, 0, NULL),
(868, 9, NULL, NULL, 54, 27, NULL, 0, NULL),
(869, 10, NULL, NULL, 52, 77, NULL, 0, NULL),
(870, 10, NULL, NULL, 79, 50, NULL, 0, NULL),
(871, 10, NULL, NULL, 7, 5, NULL, 0, NULL),
(872, 10, NULL, NULL, 20, 54, NULL, 0, NULL),
(873, 10, NULL, NULL, 27, 81, NULL, 0, NULL),
(874, 10, NULL, NULL, 29, 71, NULL, 0, NULL),
(875, 11, NULL, NULL, 50, 52, NULL, 0, NULL),
(876, 11, NULL, NULL, 54, 79, NULL, 0, NULL),
(877, 11, NULL, NULL, 81, 20, NULL, 0, NULL),
(878, 11, NULL, NULL, 71, 7, NULL, 0, NULL),
(879, 11, NULL, NULL, 5, 27, NULL, 0, NULL),
(880, 11, NULL, NULL, 77, 29, NULL, 0, NULL),
(881, 12, NULL, NULL, 54, 52, NULL, 0, NULL),
(882, 12, NULL, NULL, 81, 79, NULL, 0, NULL),
(883, 12, NULL, NULL, 5, 20, NULL, 0, NULL),
(884, 12, NULL, NULL, 27, 7, NULL, 0, NULL),
(885, 12, NULL, NULL, 50, 29, NULL, 0, NULL),
(886, 12, NULL, NULL, 77, 71, NULL, 0, NULL),
(887, 13, NULL, NULL, 52, 81, NULL, 0, NULL),
(888, 13, NULL, NULL, 7, 77, NULL, 0, NULL),
(889, 13, NULL, NULL, 71, 50, NULL, 0, NULL),
(890, 13, NULL, NULL, 29, 54, NULL, 0, NULL),
(891, 13, NULL, NULL, 20, 27, NULL, 0, NULL),
(892, 13, NULL, NULL, 79, 5, NULL, 0, NULL),
(893, 14, NULL, NULL, 5, 52, NULL, 0, NULL),
(894, 14, NULL, NULL, 54, 71, NULL, 0, NULL),
(895, 14, NULL, NULL, 20, 7, NULL, 0, NULL),
(896, 14, NULL, NULL, 27, 79, NULL, 0, NULL),
(897, 14, NULL, NULL, 81, 29, NULL, 0, NULL),
(898, 14, NULL, NULL, 50, 77, NULL, 0, NULL),
(899, 15, NULL, NULL, 52, 27, NULL, 0, NULL),
(900, 15, NULL, NULL, 79, 20, NULL, 0, NULL),
(901, 15, NULL, NULL, 7, 50, NULL, 0, NULL),
(902, 15, NULL, NULL, 77, 54, NULL, 0, NULL),
(903, 15, NULL, NULL, 71, 81, NULL, 0, NULL),
(904, 15, NULL, NULL, 29, 5, NULL, 0, NULL),
(905, 16, NULL, NULL, 20, 52, NULL, 0, NULL),
(906, 16, NULL, NULL, 81, 77, NULL, 0, NULL),
(907, 16, NULL, NULL, 5, 71, NULL, 0, NULL),
(908, 16, NULL, NULL, 27, 29, NULL, 0, NULL),
(909, 16, NULL, NULL, 54, 50, NULL, 0, NULL),
(910, 16, NULL, NULL, 79, 7, NULL, 0, NULL),
(911, 17, NULL, NULL, 52, 79, NULL, 0, NULL),
(912, 17, NULL, NULL, 7, 54, NULL, 0, NULL),
(913, 17, NULL, NULL, 71, 27, NULL, 0, NULL),
(914, 17, NULL, NULL, 29, 20, NULL, 0, NULL),
(915, 17, NULL, NULL, 77, 5, NULL, 0, NULL),
(916, 17, NULL, NULL, 50, 81, NULL, 0, NULL),
(917, 18, NULL, NULL, 52, 7, NULL, 0, NULL),
(918, 18, NULL, NULL, 5, 50, NULL, 0, NULL),
(919, 18, NULL, NULL, 27, 77, NULL, 0, NULL),
(920, 18, NULL, NULL, 81, 54, NULL, 0, NULL),
(921, 18, NULL, NULL, 20, 71, NULL, 0, NULL),
(922, 18, NULL, NULL, 79, 29, NULL, 0, NULL),
(923, 19, NULL, NULL, 29, 52, NULL, 0, NULL),
(924, 19, NULL, NULL, 50, 27, NULL, 0, NULL),
(925, 19, NULL, NULL, 54, 5, NULL, 0, NULL),
(926, 19, NULL, NULL, 7, 81, NULL, 0, NULL),
(927, 19, NULL, NULL, 71, 79, NULL, 0, NULL),
(928, 19, NULL, NULL, 77, 20, NULL, 0, NULL),
(929, 20, NULL, NULL, 52, 71, NULL, 0, NULL),
(930, 20, NULL, NULL, 5, 81, NULL, 0, NULL),
(931, 20, NULL, NULL, 29, 7, NULL, 0, NULL),
(932, 20, NULL, NULL, 27, 54, NULL, 0, NULL),
(933, 20, NULL, NULL, 20, 50, NULL, 0, NULL),
(934, 20, NULL, NULL, 79, 77, NULL, 0, NULL),
(935, 21, NULL, NULL, 77, 52, NULL, 0, NULL),
(936, 21, NULL, NULL, 81, 27, NULL, 0, NULL),
(937, 21, NULL, NULL, 5, 7, NULL, 0, NULL),
(938, 21, NULL, NULL, 71, 29, NULL, 0, NULL),
(939, 21, NULL, NULL, 50, 79, NULL, 0, NULL),
(940, 21, NULL, NULL, 54, 20, NULL, 0, NULL),
(941, 22, NULL, NULL, 52, 50, NULL, 0, NULL),
(942, 22, NULL, NULL, 7, 71, NULL, 0, NULL),
(943, 22, NULL, NULL, 20, 81, NULL, 0, NULL),
(944, 22, NULL, NULL, 79, 54, NULL, 0, NULL),
(945, 22, NULL, NULL, 27, 5, NULL, 0, NULL),
(946, 22, NULL, NULL, 29, 77, NULL, 0, NULL),
(947, 1, NULL, NULL, 70, 76, NULL, 0, NULL),
(948, 1, NULL, NULL, 41, 42, NULL, 0, NULL),
(949, 1, NULL, NULL, 63, 69, NULL, 0, NULL),
(950, 1, NULL, NULL, 80, 82, NULL, 0, NULL),
(951, 1, NULL, NULL, 56, 57, NULL, 0, NULL),
(952, 1, NULL, NULL, 9, 25, NULL, 0, NULL),
(953, 2, NULL, NULL, 69, 41, NULL, 0, NULL),
(954, 2, NULL, NULL, 82, 63, NULL, 0, NULL),
(955, 2, NULL, NULL, 25, 56, NULL, 0, NULL),
(956, 2, NULL, NULL, 42, 70, NULL, 0, NULL),
(957, 2, NULL, NULL, 76, 65, NULL, 0, NULL),
(958, 2, NULL, NULL, 57, 80, NULL, 0, NULL),
(959, 3, NULL, NULL, 80, 25, NULL, 0, NULL),
(960, 3, NULL, NULL, 70, 69, NULL, 0, NULL),
(961, 3, NULL, NULL, 41, 82, NULL, 0, NULL),
(962, 3, NULL, NULL, 65, 9, NULL, 0, NULL),
(963, 3, NULL, NULL, 76, 42, NULL, 0, NULL),
(964, 3, NULL, NULL, 63, 57, NULL, 0, NULL),
(965, 4, NULL, NULL, 9, 56, NULL, 0, NULL),
(966, 4, NULL, NULL, 25, 63, NULL, 0, NULL),
(967, 4, NULL, NULL, 69, 76, NULL, 0, NULL),
(968, 4, NULL, NULL, 42, 65, NULL, 0, NULL),
(969, 4, NULL, NULL, 82, 70, NULL, 0, NULL),
(970, 4, NULL, NULL, 57, 41, NULL, 0, NULL),
(971, 5, NULL, NULL, 42, 69, NULL, 0, NULL),
(972, 5, NULL, NULL, 76, 82, NULL, 0, NULL),
(973, 5, NULL, NULL, 65, 56, NULL, 0, NULL),
(974, 5, NULL, NULL, 70, 57, NULL, 0, NULL),
(975, 5, NULL, NULL, 80, 9, NULL, 0, NULL),
(976, 5, NULL, NULL, 41, 25, NULL, 0, NULL),
(977, 6, NULL, NULL, 25, 70, NULL, 0, NULL),
(978, 6, NULL, NULL, 9, 63, NULL, 0, NULL),
(979, 6, NULL, NULL, 56, 80, NULL, 0, NULL),
(980, 6, NULL, NULL, 82, 42, NULL, 0, NULL),
(981, 6, NULL, NULL, 57, 76, NULL, 0, NULL),
(982, 6, NULL, NULL, 69, 65, NULL, 0, NULL),
(983, 7, NULL, NULL, 69, 82, NULL, 0, NULL),
(984, 7, NULL, NULL, 63, 56, NULL, 0, NULL),
(985, 7, NULL, NULL, 65, 80, NULL, 0, NULL),
(986, 7, NULL, NULL, 41, 9, NULL, 0, NULL),
(987, 7, NULL, NULL, 76, 25, NULL, 0, NULL),
(988, 7, NULL, NULL, 42, 57, NULL, 0, NULL),
(989, 8, NULL, NULL, 80, 63, NULL, 0, NULL),
(990, 8, NULL, NULL, 25, 42, NULL, 0, NULL),
(991, 8, NULL, NULL, 82, 65, NULL, 0, NULL),
(992, 8, NULL, NULL, 56, 41, NULL, 0, NULL),
(993, 8, NULL, NULL, 57, 69, NULL, 0, NULL),
(994, 8, NULL, NULL, 9, 70, NULL, 0, NULL),
(995, 9, NULL, NULL, 65, 63, NULL, 0, NULL),
(996, 9, NULL, NULL, 69, 25, NULL, 0, NULL),
(997, 9, NULL, NULL, 76, 9, NULL, 0, NULL),
(998, 9, NULL, NULL, 82, 57, NULL, 0, NULL),
(999, 9, NULL, NULL, 41, 80, NULL, 0, NULL),
(1000, 9, NULL, NULL, 70, 56, NULL, 0, NULL),
(1001, 10, NULL, NULL, 63, 41, NULL, 0, NULL),
(1002, 10, NULL, NULL, 9, 42, NULL, 0, NULL),
(1003, 10, NULL, NULL, 80, 70, NULL, 0, NULL),
(1004, 10, NULL, NULL, 25, 82, NULL, 0, NULL),
(1005, 10, NULL, NULL, 57, 65, NULL, 0, NULL),
(1006, 10, NULL, NULL, 56, 76, NULL, 0, NULL),
(1007, 11, NULL, NULL, 69, 9, NULL, 0, NULL),
(1008, 11, NULL, NULL, 76, 80, NULL, 0, NULL),
(1009, 11, NULL, NULL, 65, 41, NULL, 0, NULL),
(1010, 11, NULL, NULL, 42, 56, NULL, 0, NULL),
(1011, 11, NULL, NULL, 70, 63, NULL, 0, NULL),
(1012, 11, NULL, NULL, 57, 25, NULL, 0, NULL),
(1013, 12, NULL, NULL, 9, 82, NULL, 0, NULL),
(1014, 12, NULL, NULL, 80, 42, NULL, 0, NULL),
(1015, 12, NULL, NULL, 65, 25, NULL, 0, NULL),
(1016, 12, NULL, NULL, 41, 70, NULL, 0, NULL),
(1017, 12, NULL, NULL, 63, 76, NULL, 0, NULL),
(1018, 12, NULL, NULL, 56, 69, NULL, 0, NULL),
(1019, 13, NULL, NULL, 42, 63, NULL, 0, NULL),
(1020, 13, NULL, NULL, 69, 80, NULL, 0, NULL),
(1021, 13, NULL, NULL, 57, 9, NULL, 0, NULL),
(1022, 13, NULL, NULL, 76, 41, NULL, 0, NULL),
(1023, 13, NULL, NULL, 82, 56, NULL, 0, NULL),
(1024, 13, NULL, NULL, 70, 65, NULL, 0, NULL),
(1025, 14, NULL, NULL, 42, 41, NULL, 0, NULL),
(1026, 14, NULL, NULL, 25, 9, NULL, 0, NULL),
(1027, 14, NULL, NULL, 69, 63, NULL, 0, NULL),
(1028, 14, NULL, NULL, 76, 70, NULL, 0, NULL),
(1029, 14, NULL, NULL, 82, 80, NULL, 0, NULL),
(1030, 14, NULL, NULL, 57, 56, NULL, 0, NULL),
(1031, 15, NULL, NULL, 56, 25, NULL, 0, NULL),
(1032, 15, NULL, NULL, 41, 69, NULL, 0, NULL),
(1033, 15, NULL, NULL, 65, 76, NULL, 0, NULL),
(1034, 15, NULL, NULL, 80, 57, NULL, 0, NULL),
(1035, 15, NULL, NULL, 70, 42, NULL, 0, NULL),
(1036, 15, NULL, NULL, 63, 82, NULL, 0, NULL),
(1037, 16, NULL, NULL, 69, 70, NULL, 0, NULL),
(1038, 16, NULL, NULL, 25, 80, NULL, 0, NULL),
(1039, 16, NULL, NULL, 57, 63, NULL, 0, NULL),
(1040, 16, NULL, NULL, 9, 65, NULL, 0, NULL),
(1041, 16, NULL, NULL, 42, 76, NULL, 0, NULL),
(1042, 16, NULL, NULL, 82, 41, NULL, 0, NULL),
(1043, 17, NULL, NULL, 56, 9, NULL, 0, NULL),
(1044, 17, NULL, NULL, 76, 69, NULL, 0, NULL),
(1045, 17, NULL, NULL, 65, 42, NULL, 0, NULL),
(1046, 17, NULL, NULL, 70, 82, NULL, 0, NULL),
(1047, 17, NULL, NULL, 41, 57, NULL, 0, NULL),
(1048, 17, NULL, NULL, 63, 25, NULL, 0, NULL),
(1049, 18, NULL, NULL, 69, 42, NULL, 0, NULL),
(1050, 18, NULL, NULL, 82, 76, NULL, 0, NULL),
(1051, 18, NULL, NULL, 9, 80, NULL, 0, NULL),
(1052, 18, NULL, NULL, 56, 65, NULL, 0, NULL),
(1053, 18, NULL, NULL, 25, 41, NULL, 0, NULL),
(1054, 18, NULL, NULL, 57, 70, NULL, 0, NULL),
(1055, 19, NULL, NULL, 80, 56, NULL, 0, NULL),
(1056, 19, NULL, NULL, 63, 9, NULL, 0, NULL),
(1057, 19, NULL, NULL, 65, 69, NULL, 0, NULL),
(1058, 19, NULL, NULL, 76, 57, NULL, 0, NULL),
(1059, 19, NULL, NULL, 42, 82, NULL, 0, NULL),
(1060, 19, NULL, NULL, 70, 25, NULL, 0, NULL),
(1061, 20, NULL, NULL, 9, 41, NULL, 0, NULL),
(1062, 20, NULL, NULL, 80, 65, NULL, 0, NULL),
(1063, 20, NULL, NULL, 82, 69, NULL, 0, NULL),
(1064, 20, NULL, NULL, 25, 76, NULL, 0, NULL),
(1065, 20, NULL, NULL, 57, 42, NULL, 0, NULL),
(1066, 20, NULL, NULL, 56, 63, NULL, 0, NULL),
(1067, 21, NULL, NULL, 63, 80, NULL, 0, NULL),
(1068, 21, NULL, NULL, 42, 25, NULL, 0, NULL),
(1069, 21, NULL, NULL, 69, 57, NULL, 0, NULL),
(1070, 21, NULL, NULL, 65, 82, NULL, 0, NULL),
(1071, 21, NULL, NULL, 70, 9, NULL, 0, NULL),
(1072, 21, NULL, NULL, 41, 56, NULL, 0, NULL),
(1073, 22, NULL, NULL, 25, 69, NULL, 0, NULL),
(1074, 22, NULL, NULL, 63, 65, NULL, 0, NULL),
(1075, 22, NULL, NULL, 9, 76, NULL, 0, NULL),
(1076, 22, NULL, NULL, 80, 41, NULL, 0, NULL),
(1077, 22, NULL, NULL, 56, 70, NULL, 0, NULL),
(1078, 22, NULL, NULL, 57, 82, NULL, 0, NULL),
(1079, 23, NULL, NULL, 41, 63, NULL, 0, NULL),
(1080, 23, NULL, NULL, 70, 80, NULL, 0, NULL),
(1081, 23, NULL, NULL, 42, 9, NULL, 0, NULL),
(1082, 23, NULL, NULL, 82, 25, NULL, 0, NULL),
(1083, 23, NULL, NULL, 76, 56, NULL, 0, NULL),
(1084, 23, NULL, NULL, 65, 57, NULL, 0, NULL),
(1085, 24, NULL, NULL, 56, 42, NULL, 0, NULL),
(1086, 24, NULL, NULL, 41, 65, NULL, 0, NULL),
(1087, 24, NULL, NULL, 9, 69, NULL, 0, NULL),
(1088, 24, NULL, NULL, 80, 76, NULL, 0, NULL),
(1089, 24, NULL, NULL, 25, 57, NULL, 0, NULL),
(1090, 24, NULL, NULL, 63, 70, NULL, 0, NULL),
(1091, 25, NULL, NULL, 76, 63, NULL, 0, NULL),
(1092, 25, NULL, NULL, 82, 9, NULL, 0, NULL),
(1093, 25, NULL, NULL, 69, 56, NULL, 0, NULL),
(1094, 25, NULL, NULL, 25, 65, NULL, 0, NULL),
(1095, 25, NULL, NULL, 70, 41, NULL, 0, NULL),
(1096, 25, NULL, NULL, 42, 80, NULL, 0, NULL),
(1097, 26, NULL, NULL, 9, 57, NULL, 0, NULL),
(1098, 26, NULL, NULL, 65, 70, NULL, 0, NULL),
(1099, 26, NULL, NULL, 63, 42, NULL, 0, NULL),
(1100, 26, NULL, NULL, 41, 76, NULL, 0, NULL),
(1101, 26, NULL, NULL, 80, 69, NULL, 0, NULL),
(1102, 26, NULL, NULL, 56, 82, NULL, 0, NULL);

-- --------------------------------------------------------

--
-- Estructura de tabla para la tabla `campos`
--

CREATE TABLE IF NOT EXISTS `campos` (
  `ID` int(11) NOT NULL AUTO_INCREMENT COMMENT 'Numero de identificación del campo',
  `CAMPO` varchar(50) CHARACTER SET utf8 COLLATE utf8_spanish_ci NOT NULL COMMENT 'Nombre del campo',
  `CONGELADO` tinyint(1) NOT NULL DEFAULT '0' COMMENT 'Campo congelado (0 = NO congelado; 1 = Congelado)',
  PRIMARY KEY (`ID`)
) ENGINE=InnoDB  DEFAULT CHARSET=latin1 AUTO_INCREMENT=27 ;

--
-- Volcado de datos para la tabla `campos`
--

INSERT INTO `campos` (`ID`, `CAMPO`, `CONGELADO`) VALUES
(1, 'Campo F7 El Chorrillo', 0),
(2, 'Campo F7 Las Delicias', 0),
(3, 'Campo F7 Sta. Mª del Mar', 0),
(4, 'Campo F7 Tincer', 0),
(5, 'El Draguillo', 0),
(6, 'El Tablero1', 0),
(7, 'El Tablero2', 0),
(8, 'Las Chumberas', 0),
(9, 'Llano del Moro', 0),
(10, 'Montaña Pacho Campo 1', 0),
(11, 'Montaña Pacho Campo 3', 0),
(12, 'Montaña Pacho 2', 0),
(13, 'Montaña Pacho 4', 0),
(14, 'Ofra-2', 0),
(15, 'La verdellada', 0),
(16, 'El molinón', 0),
(17, 'Santiago Bernabeú', 0),
(18, 'Camp Nou', 0),
(19, 'Mestalla', 0),
(20, 'Los carmenes', 0),
(21, 'Heleodoro Rodriguez Lopéz', 1),
(22, 'Campo 1', 0),
(23, 'Campo 2', 0),
(24, 'Campo 3', 0),
(25, 'Campo 4', 0),
(26, 'Campo 5', 0);

-- --------------------------------------------------------

--
-- Estructura de tabla para la tabla `cam_horarios`
--

CREATE TABLE IF NOT EXISTS `cam_horarios` (
  `ID_CAMPO` int(11) NOT NULL,
  `ID_DIA` int(11) DEFAULT NULL,
  `ID_HORA` int(11) DEFAULT NULL,
  KEY `ID_CAMPO` (`ID_CAMPO`),
  KEY `ID_DIA` (`ID_DIA`),
  KEY `ID_HORA` (`ID_HORA`)
) ENGINE=InnoDB DEFAULT CHARSET=latin1;

--
-- Volcado de datos para la tabla `cam_horarios`
--

INSERT INTO `cam_horarios` (`ID_CAMPO`, `ID_DIA`, `ID_HORA`) VALUES
(1, 1, 1),
(26, 2, 1),
(26, 2, 2),
(21, 1, 1),
(21, 4, 2);

-- --------------------------------------------------------

--
-- Estructura de tabla para la tabla `competicion`
--

CREATE TABLE IF NOT EXISTS `competicion` (
  `ID` int(11) NOT NULL AUTO_INCREMENT COMMENT 'Numero de identificación de la competición',
  `COMPETICION` varchar(20) NOT NULL COMMENT 'Descripción de la competición',
  PRIMARY KEY (`ID`)
) ENGINE=InnoDB  DEFAULT CHARSET=latin1 AUTO_INCREMENT=4 ;

--
-- Volcado de datos para la tabla `competicion`
--

INSERT INTO `competicion` (`ID`, `COMPETICION`) VALUES
(1, 'Liga Senior +18'),
(2, 'Liga Veteranos +30'),
(3, 'Liga Veteranos +35');

-- --------------------------------------------------------

--
-- Estructura de tabla para la tabla `dias`
--

CREATE TABLE IF NOT EXISTS `dias` (
  `ID` int(11) NOT NULL AUTO_INCREMENT COMMENT 'ID para los días',
  `DIA` varchar(10) CHARACTER SET utf8 COLLATE utf8_spanish_ci NOT NULL COMMENT 'Día de la Semana',
  PRIMARY KEY (`ID`)
) ENGINE=InnoDB  DEFAULT CHARSET=latin1 AUTO_INCREMENT=8 ;

--
-- Volcado de datos para la tabla `dias`
--

INSERT INTO `dias` (`ID`, `DIA`) VALUES
(1, 'Lunes'),
(2, 'Martes'),
(3, 'Miércoles'),
(4, 'Jueves'),
(5, 'Viernes'),
(6, 'Sábado'),
(7, 'Domingo');

-- --------------------------------------------------------

--
-- Estructura de tabla para la tabla `division`
--

CREATE TABLE IF NOT EXISTS `division` (
  `ID` int(11) NOT NULL AUTO_INCREMENT COMMENT 'Numero de identificación de la división',
  `DIVISION` varchar(15) DEFAULT NULL COMMENT 'Descripción de la división',
  PRIMARY KEY (`ID`)
) ENGINE=InnoDB  DEFAULT CHARSET=latin1 AUTO_INCREMENT=5 ;

--
-- Volcado de datos para la tabla `division`
--

INSERT INTO `division` (`ID`, `DIVISION`) VALUES
(1, '1ª División'),
(2, '2ª División'),
(3, '3ª División'),
(4, NULL);

-- --------------------------------------------------------

--
-- Estructura de tabla para la tabla `equipos`
--

CREATE TABLE IF NOT EXISTS `equipos` (
  `ID` int(11) NOT NULL AUTO_INCREMENT COMMENT 'Numero de identificación del Equipo',
  `NOMBRE` varchar(100) CHARACTER SET utf8 COLLATE utf8_spanish_ci NOT NULL COMMENT 'Nombre del equipo',
  `ID_COMPETICION` int(11) DEFAULT NULL COMMENT 'ID de la competición en la que participa',
  `ID_DIVISION` int(11) DEFAULT NULL COMMENT 'ID de la división a la que pertenece',
  `CONGELADO` tinyint(1) NOT NULL DEFAULT '0' COMMENT 'Equipo congelado (0 no congelado, 1 congelado)',
  PRIMARY KEY (`ID`),
  UNIQUE KEY `NOMBRE` (`NOMBRE`),
  KEY `DIVISION` (`ID_DIVISION`),
  KEY `COMPETICION` (`ID_COMPETICION`)
) ENGINE=InnoDB  DEFAULT CHARSET=utf8 COLLATE=utf8_spanish2_ci AUTO_INCREMENT=85 ;

--
-- Volcado de datos para la tabla `equipos`
--

INSERT INTO `equipos` (`ID`, `NOMBRE`, `ID_COMPETICION`, `ID_DIVISION`, `CONGELADO`) VALUES
(1, '(EXPULSADO) Cafetería Picasso F7', 1, 3, 1),
(2, '(EXPULSADO) The Galaxi F7', 1, 3, 0),
(3, '(RETIRADO) Guanchester City', 1, 2, 0),
(4, 'A.C. Plataneiras F7', 1, 1, 0),
(5, 'Af. Cóndor F7', 2, 1, 0),
(6, 'Af. LagunaGest Asesores F7', 3, 4, 0),
(7, 'Aston Birra F7', 2, 1, 0),
(8, 'Atco. Chícharo F7', 3, 4, 0),
(9, 'Atco. Independiente F7 Vet.', 2, 2, 0),
(10, 'Atco. Junior F7', 1, 1, 0),
(11, 'Atco. Laguna F7', 1, 1, 0),
(12, 'Atco. Mencey F7', 1, 3, 0),
(13, 'Atco. Mirca F7', 3, 4, 0),
(14, 'Atl. Platense Fincoman F7', 1, 1, 0),
(15, 'Atlético Charrua F7', 3, 4, 0),
(16, 'Atleticomaetílico F7', 1, 3, 0),
(17, 'Balompédica Piratas', 1, 1, 0),
(18, 'Bar Oasis F7', 3, 4, 0),
(19, 'Bayer Orotava F7', 1, 3, 0),
(20, 'Buendia Zumeria Tamarindo F7', 2, 1, 0),
(21, 'Cacharrito SP', 1, 3, 0),
(22, 'Cafeteria El Cedro F7', 1, 3, 0),
(23, 'Canarias Vertical', 3, 4, 0),
(24, 'Castillo FC', 1, 3, 0),
(25, 'CD La Muralla Veteranos F7', 2, 2, 0),
(26, 'CD Papá Teide F7', 3, 4, 0),
(27, 'Centro Optico Sauzal', 2, 1, 0),
(28, 'CF7 Amigos Futboleros', 3, 4, 0),
(29, 'Chincanayros F7', 2, 1, 0),
(30, 'Chiringuito de Tagoro F7', 1, 2, 0),
(31, 'Chiringuito El Tamboril F7', 3, 4, 0),
(32, 'Chirusa F7', 1, 2, 0),
(33, 'Chupiteria Simpalabras F7', 1, 3, 0),
(34, 'Clinica Veterinaria SC F7', 1, 3, 0),
(35, 'Comarca F7', 3, 4, 0),
(36, 'Deportivo Alisios F7', 1, 1, 0),
(37, 'DIN Acero GDA', 3, 4, 0),
(38, 'Draguillo F7', 1, 1, 0),
(39, 'Explotaciones Jordan F7', 3, 4, 0),
(40, 'Fénix CF7', 1, 1, 0),
(41, 'Ferretería Tenerife F7 Veteranos', 2, 2, 0),
(42, 'Fran El Pollito F7 Vet.', 2, 2, 0),
(43, 'Friendship City  F7', 1, 2, 0),
(44, 'Garimball F7', 3, 4, 0),
(45, 'Gasten Solar', 1, 1, 0),
(46, 'IDM Hypertrophy Nutrition FC', 1, 3, 0),
(47, '(RETIRADO) Inter Tenerife Toldos Atlántic F7', 1, 3, 0),
(48, 'Intersport F7', 1, 2, 0),
(49, 'Juan Casañas Corred. Seguros F7', 3, 4, 0),
(50, 'KM Gym Bahia', 2, 1, 0),
(51, 'La Vieja Escuela', 1, 1, 0),
(52, 'Latinos Vet. F7 (RETIRADOS)', 2, 1, 0),
(53, 'Leones F7', 1, 2, 0),
(54, 'Los Chachis F7 Veteranos', 2, 1, 0),
(55, 'New Team F7', 1, 2, 0),
(56, 'Once Diablos F7 Vet.+35', 2, 2, 0),
(57, 'Portuarios F7 Veteranos', 2, 2, 0),
(58, 'Power Guanche F7', 3, 4, 0),
(59, 'Racayo F7', 1, 2, 0),
(60, 'Racing Esquina F7', 1, 2, 0),
(61, 'Real Unión F7', 1, 2, 0),
(62, 'Red Lions F7', 1, 2, 0),
(63, 'San Cristóbal F7 Veteranos', 2, 2, 0),
(64, 'SD Nottinghan Prisa F7', 1, 2, 0),
(65, 'Servicio Técnico Los Reyes', 2, 2, 0),
(66, 'Servicios Unión F7', 1, 2, 0),
(67, 'Suso NT Grupo Parranda F7', 1, 1, 0),
(68, 'Taganana F7', 1, 1, 0),
(69, 'Tasca La Tertulia F7', 2, 2, 0),
(70, 'Tasca Tagoror Vet. F7', 2, 2, 0),
(71, 'Teide Wap F7', 2, 1, 0),
(72, 'Tilellit F7', 1, 3, 0),
(73, 'Toscal CF', 1, 3, 0),
(74, 'Tratagua''s Team', 1, 1, 0),
(75, 'Tumberos Imas F7', 1, 2, 0),
(76, 'UD La Mina Restaurante Las Rosas', 2, 2, 0),
(77, 'Uruguay Veteranos F7', 2, 1, 0),
(78, 'Valleseco F7 (Retirado)', 1, 1, 0),
(79, 'Valleseco F7 Vet.', 2, 1, 0),
(80, 'Valleseco Vet. B F7', 2, 2, 0),
(81, 'Varufakis-Hemispheria F7', 2, 1, 0),
(82, 'Viñas F7 Veteranos', 2, 2, 0),
(83, 'Racing de Anaga', 1, 3, 0),
(84, 'Once Diablos F7 Vet.+30', 3, 4, 0);

-- --------------------------------------------------------

--
-- Estructura de tabla para la tabla `festivos`
--

CREATE TABLE IF NOT EXISTS `festivos` (
  `ID` int(11) NOT NULL AUTO_INCREMENT COMMENT 'ID del día festivo',
  `FECHA` date NOT NULL COMMENT 'Día festivo',
  `MOTIVO` varchar(75) DEFAULT NULL,
  PRIMARY KEY (`ID`)
) ENGINE=InnoDB DEFAULT CHARSET=latin1 AUTO_INCREMENT=1 ;

-- --------------------------------------------------------

--
-- Estructura de tabla para la tabla `hora`
--

CREATE TABLE IF NOT EXISTS `hora` (
  `ID` int(11) NOT NULL AUTO_INCREMENT COMMENT 'ID de las horas de campos',
  `HORA` varchar(5) CHARACTER SET utf8 COLLATE utf8_spanish_ci NOT NULL COMMENT 'Horas disponibles',
  `HORARIO` varchar(25) NOT NULL COMMENT 'Primera o Segunda Hora',
  PRIMARY KEY (`ID`)
) ENGINE=InnoDB  DEFAULT CHARSET=latin1 AUTO_INCREMENT=3 ;

--
-- Volcado de datos para la tabla `hora`
--

INSERT INTO `hora` (`ID`, `HORA`, `HORARIO`) VALUES
(1, '8:30', 'Primera'),
(2, '9:30', 'Segunda');

-- --------------------------------------------------------

--
-- Estructura de tabla para la tabla `restricciones`
--

CREATE TABLE IF NOT EXISTS `restricciones` (
  `ID` int(11) NOT NULL AUTO_INCREMENT COMMENT 'Numero de identificación de la restricción',
  `ID_EQUIPO` int(11) NOT NULL COMMENT 'ID del equipo con el que no puede coincidir otro equipo',
  `ID_DIA` int(11) DEFAULT NULL COMMENT 'ID de la tabla con el día que no pueda jugar',
  `HORA` int(2) DEFAULT NULL COMMENT 'Hora que no puede jugar (Primera, Segunda, Ambas)',
  `ID_CAMPO` int(11) DEFAULT NULL COMMENT 'ID del campo en el que no pueda jugar',
  `ID_COINCIDE` int(11) DEFAULT NULL COMMENT 'ID del equipo con el que no puede coincidir',
  PRIMARY KEY (`ID`),
  KEY `EQUIPO` (`ID_EQUIPO`),
  KEY `ID_DIA` (`ID_DIA`),
  KEY `ID_HORA` (`HORA`),
  KEY `ID_CAMPO` (`ID_CAMPO`),
  KEY `ID_COINCIDE` (`ID_COINCIDE`)
) ENGINE=InnoDB  DEFAULT CHARSET=utf8 COLLATE=utf8_spanish2_ci AUTO_INCREMENT=37 ;

--
-- Volcado de datos para la tabla `restricciones`
--

INSERT INTO `restricciones` (`ID`, `ID_EQUIPO`, `ID_DIA`, `HORA`, `ID_CAMPO`, `ID_COINCIDE`) VALUES
(3, 2, 7, 1, NULL, NULL),
(12, 3, 1, 1, NULL, NULL),
(13, 3, 2, 2, NULL, NULL),
(14, 3, 3, 3, NULL, NULL),
(15, 3, 4, 1, NULL, NULL),
(16, 3, 5, 2, NULL, NULL),
(17, 3, 6, 3, NULL, NULL),
(18, 3, 7, 1, NULL, NULL),
(19, 3, NULL, NULL, 1, NULL),
(20, 3, NULL, NULL, 26, NULL),
(21, 84, NULL, NULL, 1, NULL),
(22, 84, NULL, NULL, 4, NULL),
(23, 84, NULL, NULL, 7, NULL),
(24, 5, 1, 2, NULL, NULL),
(34, 1, 7, 2, NULL, NULL),
(35, 1, NULL, NULL, 1, NULL),
(36, 1, NULL, NULL, NULL, 5);

--
-- Restricciones para tablas volcadas
--

--
-- Filtros para la tabla `campeonato`
--
ALTER TABLE `campeonato`
  ADD CONSTRAINT `Campeonato_ibfk_3` FOREIGN KEY (`ID_CAMPO`) REFERENCES `campos` (`ID`) ON DELETE CASCADE ON UPDATE CASCADE,
  ADD CONSTRAINT `Campeonato_ibfk_5` FOREIGN KEY (`ID_LOCAL`) REFERENCES `equipos` (`ID`) ON DELETE CASCADE ON UPDATE CASCADE,
  ADD CONSTRAINT `Campeonato_ibfk_6` FOREIGN KEY (`ID_VISITANTE`) REFERENCES `equipos` (`ID`) ON DELETE CASCADE ON UPDATE CASCADE,
  ADD CONSTRAINT `Campeonato_ibfk_7` FOREIGN KEY (`ID_ARBITRO`) REFERENCES `arbitros` (`ID`) ON DELETE SET NULL ON UPDATE CASCADE;

--
-- Filtros para la tabla `cam_horarios`
--
ALTER TABLE `cam_horarios`
  ADD CONSTRAINT `Cam_Horarios_ibfk_1` FOREIGN KEY (`ID_CAMPO`) REFERENCES `campos` (`ID`) ON DELETE CASCADE ON UPDATE CASCADE,
  ADD CONSTRAINT `Cam_Horarios_ibfk_2` FOREIGN KEY (`ID_HORA`) REFERENCES `hora` (`ID`) ON DELETE CASCADE ON UPDATE CASCADE,
  ADD CONSTRAINT `Cam_Horarios_ibfk_3` FOREIGN KEY (`ID_DIA`) REFERENCES `dias` (`ID`) ON DELETE CASCADE ON UPDATE CASCADE;

--
-- Filtros para la tabla `equipos`
--
ALTER TABLE `equipos`
  ADD CONSTRAINT `Equipos_ibfk_1` FOREIGN KEY (`ID_DIVISION`) REFERENCES `division` (`ID`) ON DELETE SET NULL ON UPDATE CASCADE,
  ADD CONSTRAINT `Equipos_ibfk_2` FOREIGN KEY (`ID_COMPETICION`) REFERENCES `competicion` (`ID`) ON DELETE SET NULL ON UPDATE CASCADE;

--
-- Filtros para la tabla `restricciones`
--
ALTER TABLE `restricciones`
  ADD CONSTRAINT `Restricciones_ibfk_1` FOREIGN KEY (`ID_EQUIPO`) REFERENCES `equipos` (`ID`) ON DELETE CASCADE ON UPDATE CASCADE,
  ADD CONSTRAINT `Restricciones_ibfk_2` FOREIGN KEY (`ID_CAMPO`) REFERENCES `campos` (`ID`) ON DELETE SET NULL ON UPDATE CASCADE,
  ADD CONSTRAINT `Restricciones_ibfk_3` FOREIGN KEY (`ID_COINCIDE`) REFERENCES `equipos` (`ID`) ON DELETE CASCADE ON UPDATE CASCADE,
  ADD CONSTRAINT `Restricciones_ibfk_4` FOREIGN KEY (`ID_DIA`) REFERENCES `dias` (`ID`) ON DELETE SET NULL ON UPDATE CASCADE;

/*!40101 SET CHARACTER_SET_CLIENT=@OLD_CHARACTER_SET_CLIENT */;
/*!40101 SET CHARACTER_SET_RESULTS=@OLD_CHARACTER_SET_RESULTS */;
/*!40101 SET COLLATION_CONNECTION=@OLD_COLLATION_CONNECTION */;
