-- phpMyAdmin SQL Dump
-- version 4.4.9
-- http://www.phpmyadmin.net
--
-- Servidor: localhost
-- Tiempo de generación: 09-09-2017 a las 21:14:03
-- Versión del servidor: 5.5.24-log
-- Versión de PHP: 7.1.8

SET SQL_MODE = "NO_AUTO_VALUE_ON_ZERO";
SET time_zone = "+00:00";


/*!40101 SET @OLD_CHARACTER_SET_CLIENT=@@CHARACTER_SET_CLIENT */;
/*!40101 SET @OLD_CHARACTER_SET_RESULTS=@@CHARACTER_SET_RESULTS */;
/*!40101 SET @OLD_COLLATION_CONNECTION=@@COLLATION_CONNECTION */;
/*!40101 SET NAMES utf8mb4 */;

--
-- Base de datos: `liga`
--
CREATE DATABASE IF NOT EXISTS `liga` DEFAULT CHARACTER SET utf8 COLLATE utf8_spanish_ci;
USE `liga`;

-- --------------------------------------------------------

--
-- Estructura de tabla para la tabla `arbitros`
--

DROP TABLE IF EXISTS `arbitros`;
CREATE TABLE IF NOT EXISTS `arbitros` (
  `ID` int(11) NOT NULL COMMENT 'Numero de identificación de los arbitros',
  `NOMBRE` varchar(25) CHARACTER SET utf8 COLLATE utf8_spanish_ci NOT NULL COMMENT 'Nombre del Arbitro',
  `APELLIDOS` varchar(50) CHARACTER SET utf8 COLLATE utf8_spanish_ci NOT NULL COMMENT 'Apellidos del Arbitro'
) ENGINE=InnoDB DEFAULT CHARSET=latin1;

-- --------------------------------------------------------

--
-- Estructura de tabla para la tabla `campeonato`
--

DROP TABLE IF EXISTS `campeonato`;
CREATE TABLE IF NOT EXISTS `campeonato` (
  `ID` int(11) NOT NULL COMMENT 'Numero de identificación de partidos',
  `JORNADA` int(10) unsigned NOT NULL COMMENT 'Jornada del campeonato',
  `FECHA` date DEFAULT NULL COMMENT 'Fecha del partido',
  `HORA` time DEFAULT NULL COMMENT 'Hora del partido',
  `ID_LOCAL` int(11) NOT NULL COMMENT 'ID del equipo que juega como local',
  `ID_VISITANTE` int(11) NOT NULL COMMENT 'ID del equipo que juega como visitante',
  `ID_CAMPO` int(11) DEFAULT NULL COMMENT 'ID del campo donde se juega',
  `APLAZADO` tinyint(1) NOT NULL DEFAULT '0' COMMENT 'Establece si el partido se realiza o no (0 NO realizado, 1 realizado)',
  `ID_ARBITRO` int(11) DEFAULT NULL COMMENT 'ID del arbitro del partido'
) ENGINE=InnoDB AUTO_INCREMENT=1001 DEFAULT CHARSET=latin1;

--
-- Volcado de datos para la tabla `campeonato`
--

INSERT INTO `campeonato` (`ID`, `JORNADA`, `FECHA`, `HORA`, `ID_LOCAL`, `ID_VISITANTE`, `ID_CAMPO`, `APLAZADO`, `ID_ARBITRO`) VALUES
(1, 1, '2017-09-14', '21:30:00', 2, 9, 4, 0, NULL),
(2, 1, '2017-09-12', '20:30:00', 3, 10, 4, 0, NULL),
(3, 1, '2017-09-12', '21:30:00', 4, 11, 4, 0, NULL),
(4, 1, '2017-09-13', '21:30:00', 5, 12, 4, 0, NULL),
(5, 1, '2017-09-13', '20:30:00', 6, 13, 4, 0, NULL),
(6, 1, '2017-09-14', '20:30:00', 7, 14, 4, 0, NULL),
(7, 1, '2017-09-11', '20:30:00', 1, 8, 4, 0, NULL),
(8, 2, NULL, NULL, 8, 7, NULL, 0, NULL),
(9, 2, NULL, NULL, 10, 2, NULL, 0, NULL),
(10, 2, NULL, NULL, 9, 1, NULL, 0, NULL),
(11, 2, NULL, NULL, 14, 6, NULL, 0, NULL),
(12, 2, NULL, NULL, 12, 4, NULL, 0, NULL),
(13, 2, NULL, NULL, 13, 5, NULL, 0, NULL),
(14, 2, NULL, NULL, 11, 3, NULL, 0, NULL),
(15, 3, NULL, NULL, 1, 7, NULL, 0, NULL),
(16, 3, NULL, NULL, 5, 14, NULL, 0, NULL),
(17, 3, NULL, NULL, 9, 10, NULL, 0, NULL),
(18, 3, NULL, NULL, 4, 13, NULL, 0, NULL),
(19, 3, NULL, NULL, 2, 11, NULL, 0, NULL),
(20, 3, NULL, NULL, 6, 8, NULL, 0, NULL),
(21, 3, NULL, NULL, 3, 12, NULL, 0, NULL),
(22, 4, NULL, NULL, 8, 5, NULL, 0, NULL),
(23, 4, NULL, NULL, 10, 1, NULL, 0, NULL),
(24, 4, NULL, NULL, 7, 6, NULL, 0, NULL),
(25, 4, NULL, NULL, 12, 2, NULL, 0, NULL),
(26, 4, NULL, NULL, 14, 4, NULL, 0, NULL),
(27, 4, NULL, NULL, 11, 9, NULL, 0, NULL),
(28, 4, NULL, NULL, 13, 3, NULL, 0, NULL),
(29, 5, NULL, NULL, 1, 6, NULL, 0, NULL),
(30, 5, NULL, NULL, 5, 7, NULL, 0, NULL),
(31, 5, NULL, NULL, 10, 11, NULL, 0, NULL),
(32, 5, NULL, NULL, 3, 14, NULL, 0, NULL),
(33, 5, NULL, NULL, 4, 8, NULL, 0, NULL),
(34, 5, NULL, NULL, 2, 13, NULL, 0, NULL),
(35, 5, NULL, NULL, 9, 12, NULL, 0, NULL),
(36, 6, NULL, NULL, 6, 5, NULL, 0, NULL),
(37, 6, NULL, NULL, 11, 1, NULL, 0, NULL),
(38, 6, NULL, NULL, 8, 3, NULL, 0, NULL),
(39, 6, NULL, NULL, 7, 4, NULL, 0, NULL),
(40, 6, NULL, NULL, 14, 2, NULL, 0, NULL),
(41, 6, NULL, NULL, 13, 9, NULL, 0, NULL),
(42, 6, NULL, NULL, 12, 10, NULL, 0, NULL),
(43, 7, NULL, NULL, 1, 5, NULL, 0, NULL),
(44, 7, NULL, NULL, 4, 6, NULL, 0, NULL),
(45, 7, NULL, NULL, 10, 13, NULL, 0, NULL),
(46, 7, NULL, NULL, 3, 7, NULL, 0, NULL),
(47, 7, NULL, NULL, 11, 12, NULL, 0, NULL),
(48, 7, NULL, NULL, 2, 8, NULL, 0, NULL),
(49, 7, NULL, NULL, 9, 14, NULL, 0, NULL),
(50, 8, NULL, NULL, 5, 4, NULL, 0, NULL),
(51, 8, NULL, NULL, 7, 2, NULL, 0, NULL),
(52, 8, NULL, NULL, 12, 1, NULL, 0, NULL),
(53, 8, NULL, NULL, 6, 3, NULL, 0, NULL),
(54, 8, NULL, NULL, 8, 9, NULL, 0, NULL),
(55, 8, NULL, NULL, 13, 11, NULL, 0, NULL),
(56, 8, NULL, NULL, 14, 10, NULL, 0, NULL),
(57, 9, NULL, NULL, 1, 4, NULL, 0, NULL),
(58, 9, NULL, NULL, 2, 6, NULL, 0, NULL),
(59, 9, NULL, NULL, 12, 13, NULL, 0, NULL),
(60, 9, NULL, NULL, 3, 5, NULL, 0, NULL),
(61, 9, NULL, NULL, 11, 14, NULL, 0, NULL),
(62, 9, NULL, NULL, 10, 8, NULL, 0, NULL),
(63, 9, NULL, NULL, 9, 7, NULL, 0, NULL),
(64, 10, NULL, NULL, 4, 3, NULL, 0, NULL),
(65, 10, NULL, NULL, 5, 2, NULL, 0, NULL),
(66, 10, NULL, NULL, 13, 1, NULL, 0, NULL),
(67, 10, NULL, NULL, 6, 9, NULL, 0, NULL),
(68, 10, NULL, NULL, 14, 12, NULL, 0, NULL),
(69, 10, NULL, NULL, 7, 10, NULL, 0, NULL),
(70, 10, NULL, NULL, 8, 11, NULL, 0, NULL),
(71, 11, NULL, NULL, 2, 4, NULL, 0, NULL),
(72, 11, NULL, NULL, 12, 8, NULL, 0, NULL),
(73, 11, NULL, NULL, 9, 5, NULL, 0, NULL),
(74, 11, NULL, NULL, 13, 14, NULL, 0, NULL),
(75, 11, NULL, NULL, 1, 3, NULL, 0, NULL),
(76, 11, NULL, NULL, 11, 7, NULL, 0, NULL),
(77, 11, NULL, NULL, 10, 6, NULL, 0, NULL),
(78, 12, NULL, NULL, 5, 10, NULL, 0, NULL),
(79, 12, NULL, NULL, 4, 9, NULL, 0, NULL),
(80, 12, NULL, NULL, 8, 13, NULL, 0, NULL),
(81, 12, NULL, NULL, 3, 2, NULL, 0, NULL),
(82, 12, NULL, NULL, 1, 14, NULL, 0, NULL),
(83, 12, NULL, NULL, 7, 12, NULL, 0, NULL),
(84, 12, NULL, NULL, 6, 11, NULL, 0, NULL),
(85, 13, NULL, NULL, 14, 8, NULL, 0, NULL),
(86, 13, NULL, NULL, 9, 3, NULL, 0, NULL),
(87, 13, NULL, NULL, 13, 7, NULL, 0, NULL),
(88, 13, NULL, NULL, 11, 5, NULL, 0, NULL),
(89, 13, NULL, NULL, 10, 4, NULL, 0, NULL),
(90, 13, NULL, NULL, 2, 1, NULL, 0, NULL),
(91, 13, NULL, NULL, 12, 6, NULL, 0, NULL),
(92, 14, NULL, NULL, 10, 3, NULL, 0, NULL),
(93, 14, NULL, NULL, 11, 4, NULL, 0, NULL),
(94, 14, NULL, NULL, 8, 1, NULL, 0, NULL),
(95, 14, NULL, NULL, 14, 7, NULL, 0, NULL),
(96, 14, NULL, NULL, 12, 5, NULL, 0, NULL),
(97, 14, NULL, NULL, 9, 2, NULL, 0, NULL),
(98, 14, NULL, NULL, 13, 6, NULL, 0, NULL),
(99, 15, NULL, NULL, 1, 9, NULL, 0, NULL),
(100, 15, NULL, NULL, 6, 14, NULL, 0, NULL),
(101, 15, NULL, NULL, 5, 13, NULL, 0, NULL),
(102, 15, NULL, NULL, 2, 10, NULL, 0, NULL),
(103, 15, NULL, NULL, 3, 11, NULL, 0, NULL),
(104, 15, NULL, NULL, 4, 12, NULL, 0, NULL),
(105, 15, NULL, NULL, 7, 8, NULL, 0, NULL),
(106, 16, NULL, NULL, 11, 2, NULL, 0, NULL),
(107, 16, NULL, NULL, 7, 1, NULL, 0, NULL),
(108, 16, NULL, NULL, 8, 6, NULL, 0, NULL),
(109, 16, NULL, NULL, 14, 5, NULL, 0, NULL),
(110, 16, NULL, NULL, 12, 3, NULL, 0, NULL),
(111, 16, NULL, NULL, 10, 9, NULL, 0, NULL),
(112, 16, NULL, NULL, 13, 4, NULL, 0, NULL),
(113, 17, NULL, NULL, 2, 12, NULL, 0, NULL),
(114, 17, NULL, NULL, 1, 10, NULL, 0, NULL),
(115, 17, NULL, NULL, 5, 8, NULL, 0, NULL),
(116, 17, NULL, NULL, 3, 13, NULL, 0, NULL),
(117, 17, NULL, NULL, 4, 14, NULL, 0, NULL),
(118, 17, NULL, NULL, 9, 11, NULL, 0, NULL),
(119, 17, NULL, NULL, 6, 7, NULL, 0, NULL),
(120, 18, NULL, NULL, 11, 10, NULL, 0, NULL),
(121, 18, NULL, NULL, 8, 4, NULL, 0, NULL),
(122, 18, NULL, NULL, 13, 2, NULL, 0, NULL),
(123, 18, NULL, NULL, 6, 1, NULL, 0, NULL),
(124, 18, NULL, NULL, 14, 3, NULL, 0, NULL),
(125, 18, NULL, NULL, 12, 9, NULL, 0, NULL),
(126, 18, NULL, NULL, 7, 5, NULL, 0, NULL),
(127, 19, NULL, NULL, 5, 6, NULL, 0, NULL),
(128, 19, NULL, NULL, 9, 13, NULL, 0, NULL),
(129, 19, NULL, NULL, 10, 12, NULL, 0, NULL),
(130, 19, NULL, NULL, 3, 8, NULL, 0, NULL),
(131, 19, NULL, NULL, 4, 7, NULL, 0, NULL),
(132, 19, NULL, NULL, 1, 11, NULL, 0, NULL),
(133, 19, NULL, NULL, 2, 14, NULL, 0, NULL),
(134, 20, NULL, NULL, 13, 10, NULL, 0, NULL),
(135, 20, NULL, NULL, 8, 2, NULL, 0, NULL),
(136, 20, NULL, NULL, 7, 3, NULL, 0, NULL),
(137, 20, NULL, NULL, 5, 1, NULL, 0, NULL),
(138, 20, NULL, NULL, 6, 4, NULL, 0, NULL),
(139, 20, NULL, NULL, 14, 9, NULL, 0, NULL),
(140, 20, NULL, NULL, 12, 11, NULL, 0, NULL),
(141, 21, NULL, NULL, 9, 8, NULL, 0, NULL),
(142, 21, NULL, NULL, 11, 13, NULL, 0, NULL),
(143, 21, NULL, NULL, 4, 5, NULL, 0, NULL),
(144, 21, NULL, NULL, 10, 14, NULL, 0, NULL),
(145, 21, NULL, NULL, 3, 6, NULL, 0, NULL),
(146, 21, NULL, NULL, 2, 7, NULL, 0, NULL),
(147, 21, NULL, NULL, 1, 12, NULL, 0, NULL),
(148, 22, NULL, NULL, 4, 1, NULL, 0, NULL),
(149, 22, NULL, NULL, 14, 11, NULL, 0, NULL),
(150, 22, NULL, NULL, 8, 10, NULL, 0, NULL),
(151, 22, NULL, NULL, 6, 2, NULL, 0, NULL),
(152, 22, NULL, NULL, 13, 12, NULL, 0, NULL),
(153, 22, NULL, NULL, 7, 9, NULL, 0, NULL),
(154, 22, NULL, NULL, 5, 3, NULL, 0, NULL),
(155, 23, NULL, NULL, 9, 6, NULL, 0, NULL),
(156, 23, NULL, NULL, 12, 14, NULL, 0, NULL),
(157, 23, NULL, NULL, 1, 13, NULL, 0, NULL),
(158, 23, NULL, NULL, 10, 7, NULL, 0, NULL),
(159, 23, NULL, NULL, 3, 4, NULL, 0, NULL),
(160, 23, NULL, NULL, 11, 8, NULL, 0, NULL),
(161, 23, NULL, NULL, 2, 5, NULL, 0, NULL),
(162, 24, NULL, NULL, 4, 2, NULL, 0, NULL),
(163, 24, NULL, NULL, 8, 12, NULL, 0, NULL),
(164, 24, NULL, NULL, 7, 11, NULL, 0, NULL),
(165, 24, NULL, NULL, 3, 1, NULL, 0, NULL),
(166, 24, NULL, NULL, 6, 10, NULL, 0, NULL),
(167, 24, NULL, NULL, 14, 13, NULL, 0, NULL),
(168, 24, NULL, NULL, 5, 9, NULL, 0, NULL),
(169, 25, NULL, NULL, 12, 7, NULL, 0, NULL),
(170, 25, NULL, NULL, 13, 8, NULL, 0, NULL),
(171, 25, NULL, NULL, 10, 5, NULL, 0, NULL),
(172, 25, NULL, NULL, 2, 3, NULL, 0, NULL),
(173, 25, NULL, NULL, 9, 4, NULL, 0, NULL),
(174, 25, NULL, NULL, 11, 6, NULL, 0, NULL),
(175, 25, NULL, NULL, 14, 1, NULL, 0, NULL),
(176, 26, NULL, NULL, 4, 10, NULL, 0, NULL),
(177, 26, NULL, NULL, 8, 14, NULL, 0, NULL),
(178, 26, NULL, NULL, 7, 13, NULL, 0, NULL),
(179, 26, NULL, NULL, 1, 2, NULL, 0, NULL),
(180, 26, NULL, NULL, 6, 12, NULL, 0, NULL),
(181, 26, NULL, NULL, 3, 9, NULL, 0, NULL),
(182, 26, NULL, NULL, 5, 11, NULL, 0, NULL),
(183, 1, '2017-09-11', '21:30:00', 15, 21, 4, 0, NULL),
(184, 1, '2017-09-11', '20:30:00', 16, 22, 5, 0, NULL),
(185, 1, '2017-09-14', '21:30:00', 17, 23, 8, 0, NULL),
(186, 1, '2017-09-11', '21:30:00', 18, 24, 5, 0, NULL),
(187, 1, '2017-09-14', '20:30:00', 19, 25, 5, 0, NULL),
(188, 1, '2017-09-12', '20:30:00', 20, 26, 3, 0, NULL),
(189, 2, NULL, NULL, 24, 17, NULL, 0, NULL),
(190, 2, NULL, NULL, 22, 15, NULL, 0, NULL),
(191, 2, NULL, NULL, 1, 18, NULL, 0, NULL),
(192, 2, NULL, NULL, 21, 25, NULL, 0, NULL),
(193, 2, NULL, NULL, 26, 20, NULL, 0, NULL),
(194, 2, NULL, NULL, 23, 16, NULL, 0, NULL),
(195, 3, NULL, NULL, 18, 26, NULL, 0, NULL),
(196, 3, NULL, NULL, 21, 22, NULL, 0, NULL),
(197, 3, NULL, NULL, 16, 24, NULL, 0, NULL),
(198, 3, NULL, NULL, 17, 1, NULL, 0, NULL),
(199, 3, NULL, NULL, 15, 23, NULL, 0, NULL),
(200, 3, NULL, NULL, 25, 20, NULL, 0, NULL),
(201, 4, NULL, NULL, 26, 17, NULL, 0, NULL),
(202, 4, NULL, NULL, 22, 25, NULL, 0, NULL),
(203, 4, NULL, NULL, 1, 16, NULL, 0, NULL),
(204, 4, NULL, NULL, 20, 20, NULL, 0, NULL),
(205, 4, NULL, NULL, 23, 21, NULL, 0, NULL),
(206, 4, NULL, NULL, 24, 15, NULL, 0, NULL),
(207, 5, NULL, NULL, 15, 1, NULL, 0, NULL),
(208, 5, NULL, NULL, 18, 20, NULL, 0, NULL),
(209, 5, NULL, NULL, 22, 23, NULL, 0, NULL),
(210, 5, NULL, NULL, 16, 26, NULL, 0, NULL),
(211, 5, NULL, NULL, 25, 20, NULL, 0, NULL),
(212, 5, NULL, NULL, 21, 24, NULL, 0, NULL),
(213, 6, NULL, NULL, 24, 22, NULL, 0, NULL),
(214, 6, NULL, NULL, 20, 17, NULL, 0, NULL),
(215, 6, NULL, NULL, 26, 15, NULL, 0, NULL),
(216, 6, NULL, NULL, 1, 21, NULL, 0, NULL),
(217, 6, NULL, NULL, 20, 18, NULL, 0, NULL),
(218, 6, NULL, NULL, 23, 25, NULL, 0, NULL),
(219, 7, NULL, NULL, 16, 20, NULL, 0, NULL),
(220, 7, NULL, NULL, 21, 26, NULL, 0, NULL),
(221, 7, NULL, NULL, 23, 24, NULL, 0, NULL),
(222, 7, NULL, NULL, 22, 1, NULL, 0, NULL),
(223, 7, NULL, NULL, 17, 20, NULL, 0, NULL),
(224, 7, NULL, NULL, 25, 18, NULL, 0, NULL),
(225, 8, NULL, NULL, 20, 15, NULL, 0, NULL),
(226, 8, NULL, NULL, 20, 16, NULL, 0, NULL),
(227, 8, NULL, NULL, 1, 23, NULL, 0, NULL),
(228, 8, NULL, NULL, 18, 17, NULL, 0, NULL),
(229, 8, NULL, NULL, 26, 22, NULL, 0, NULL),
(230, 8, NULL, NULL, 24, 25, NULL, 0, NULL),
(231, 9, NULL, NULL, 15, 20, NULL, 0, NULL),
(232, 9, NULL, NULL, 21, 20, NULL, 0, NULL),
(233, 9, NULL, NULL, 23, 26, NULL, 0, NULL),
(234, 9, NULL, NULL, 16, 18, NULL, 0, NULL),
(235, 9, NULL, NULL, 25, 17, NULL, 0, NULL),
(236, 9, NULL, NULL, 24, 1, NULL, 0, NULL),
(237, 10, NULL, NULL, 20, 22, NULL, 0, NULL),
(238, 10, NULL, NULL, 18, 15, NULL, 0, NULL),
(239, 10, NULL, NULL, 1, 25, NULL, 0, NULL),
(240, 10, NULL, NULL, 20, 21, NULL, 0, NULL),
(241, 10, NULL, NULL, 26, 24, NULL, 0, NULL),
(242, 10, NULL, NULL, 17, 16, NULL, 0, NULL),
(243, 11, NULL, NULL, 22, 20, NULL, 0, NULL),
(244, 11, NULL, NULL, 21, 18, NULL, 0, NULL),
(245, 11, NULL, NULL, 23, 20, NULL, 0, NULL),
(246, 11, NULL, NULL, 15, 17, NULL, 0, NULL),
(247, 11, NULL, NULL, 1, 26, NULL, 0, NULL),
(248, 11, NULL, NULL, 25, 16, NULL, 0, NULL),
(249, 12, NULL, NULL, 20, 24, NULL, 0, NULL),
(250, 12, NULL, NULL, 18, 22, NULL, 0, NULL),
(251, 12, NULL, NULL, 16, 15, NULL, 0, NULL),
(252, 12, NULL, NULL, 17, 21, NULL, 0, NULL),
(253, 12, NULL, NULL, 20, 23, NULL, 0, NULL),
(254, 12, NULL, NULL, 25, 26, NULL, 0, NULL),
(255, 13, NULL, NULL, 24, 20, NULL, 0, NULL),
(256, 13, NULL, NULL, 23, 18, NULL, 0, NULL),
(257, 13, NULL, NULL, 22, 17, NULL, 0, NULL),
(258, 13, NULL, NULL, 21, 16, NULL, 0, NULL),
(259, 13, NULL, NULL, 15, 25, NULL, 0, NULL),
(260, 13, NULL, NULL, 1, 20, NULL, 0, NULL),
(261, 14, NULL, NULL, 1, 20, NULL, 0, NULL),
(262, 14, NULL, NULL, 24, 18, NULL, 0, NULL),
(263, 14, NULL, NULL, 23, 17, NULL, 0, NULL),
(264, 14, NULL, NULL, 21, 15, NULL, 0, NULL),
(265, 14, NULL, NULL, 26, 20, NULL, 0, NULL),
(266, 14, NULL, NULL, 22, 16, NULL, 0, NULL),
(267, 15, NULL, NULL, 25, 21, NULL, 0, NULL),
(268, 15, NULL, NULL, 20, 26, NULL, 0, NULL),
(269, 15, NULL, NULL, 18, 1, NULL, 0, NULL),
(270, 15, NULL, NULL, 16, 23, NULL, 0, NULL),
(271, 15, NULL, NULL, 17, 24, NULL, 0, NULL),
(272, 15, NULL, NULL, 15, 22, NULL, 0, NULL),
(273, 16, NULL, NULL, 24, 16, NULL, 0, NULL),
(274, 16, NULL, NULL, 1, 17, NULL, 0, NULL),
(275, 16, NULL, NULL, 20, 25, NULL, 0, NULL),
(276, 16, NULL, NULL, 26, 18, NULL, 0, NULL),
(277, 16, NULL, NULL, 22, 21, NULL, 0, NULL),
(278, 16, NULL, NULL, 23, 15, NULL, 0, NULL),
(279, 17, NULL, NULL, 16, 1, NULL, 0, NULL),
(280, 17, NULL, NULL, 20, 20, NULL, 0, NULL),
(281, 17, NULL, NULL, 17, 26, NULL, 0, NULL),
(282, 17, NULL, NULL, 15, 24, NULL, 0, NULL),
(283, 17, NULL, NULL, 25, 22, NULL, 0, NULL),
(284, 17, NULL, NULL, 21, 23, NULL, 0, NULL),
(285, 18, NULL, NULL, 26, 16, NULL, 0, NULL),
(286, 18, NULL, NULL, 1, 15, NULL, 0, NULL),
(287, 18, NULL, NULL, 20, 25, NULL, 0, NULL),
(288, 18, NULL, NULL, 20, 18, NULL, 0, NULL),
(289, 18, NULL, NULL, 23, 22, NULL, 0, NULL),
(290, 18, NULL, NULL, 24, 21, NULL, 0, NULL),
(291, 19, NULL, NULL, 17, 20, NULL, 0, NULL),
(292, 19, NULL, NULL, 21, 1, NULL, 0, NULL),
(293, 19, NULL, NULL, 15, 26, NULL, 0, NULL),
(294, 19, NULL, NULL, 22, 24, NULL, 0, NULL),
(295, 19, NULL, NULL, 25, 23, NULL, 0, NULL),
(296, 19, NULL, NULL, 18, 20, NULL, 0, NULL),
(297, 20, NULL, NULL, 20, 16, NULL, 0, NULL),
(298, 20, NULL, NULL, 20, 17, NULL, 0, NULL),
(299, 20, NULL, NULL, 1, 22, NULL, 0, NULL),
(300, 20, NULL, NULL, 26, 21, NULL, 0, NULL),
(301, 20, NULL, NULL, 24, 23, NULL, 0, NULL),
(302, 20, NULL, NULL, 18, 25, NULL, 0, NULL),
(303, 21, NULL, NULL, 16, 20, NULL, 0, NULL),
(304, 21, NULL, NULL, 15, 20, NULL, 0, NULL),
(305, 21, NULL, NULL, 22, 26, NULL, 0, NULL),
(306, 21, NULL, NULL, 25, 24, NULL, 0, NULL),
(307, 21, NULL, NULL, 17, 18, NULL, 0, NULL),
(308, 21, NULL, NULL, 23, 1, NULL, 0, NULL),
(309, 22, NULL, NULL, 20, 15, NULL, 0, NULL),
(310, 22, NULL, NULL, 18, 16, NULL, 0, NULL),
(311, 22, NULL, NULL, 20, 21, NULL, 0, NULL),
(312, 22, NULL, NULL, 26, 23, NULL, 0, NULL),
(313, 22, NULL, NULL, 1, 24, NULL, 0, NULL),
(314, 22, NULL, NULL, 17, 25, NULL, 0, NULL),
(315, 23, NULL, NULL, 22, 20, NULL, 0, NULL),
(316, 23, NULL, NULL, 15, 18, NULL, 0, NULL),
(317, 23, NULL, NULL, 24, 26, NULL, 0, NULL),
(318, 23, NULL, NULL, 16, 17, NULL, 0, NULL),
(319, 23, NULL, NULL, 25, 1, NULL, 0, NULL),
(320, 23, NULL, NULL, 21, 20, NULL, 0, NULL),
(321, 24, NULL, NULL, 20, 22, NULL, 0, NULL),
(322, 24, NULL, NULL, 18, 21, NULL, 0, NULL),
(323, 24, NULL, NULL, 17, 15, NULL, 0, NULL),
(324, 24, NULL, NULL, 16, 25, NULL, 0, NULL),
(325, 24, NULL, NULL, 20, 23, NULL, 0, NULL),
(326, 24, NULL, NULL, 26, 1, NULL, 0, NULL),
(327, 25, NULL, NULL, 22, 18, NULL, 0, NULL),
(328, 25, NULL, NULL, 24, 20, NULL, 0, NULL),
(329, 25, NULL, NULL, 15, 16, NULL, 0, NULL),
(330, 25, NULL, NULL, 21, 17, NULL, 0, NULL),
(331, 25, NULL, NULL, 26, 25, NULL, 0, NULL),
(332, 25, NULL, NULL, 23, 20, NULL, 0, NULL),
(333, 26, NULL, NULL, 18, 23, NULL, 0, NULL),
(334, 26, NULL, NULL, 20, 24, NULL, 0, NULL),
(335, 26, NULL, NULL, 17, 22, NULL, 0, NULL),
(336, 26, NULL, NULL, 25, 15, NULL, 0, NULL),
(337, 26, NULL, NULL, 20, 1, NULL, 0, NULL),
(338, 26, NULL, NULL, 16, 21, NULL, 0, NULL),
(339, 1, '2017-09-12', '21:30:00', 27, 33, 3, 0, NULL),
(340, 1, '2017-09-13', '21:30:00', 28, 34, 3, 0, NULL),
(341, 1, '2017-09-13', '20:30:00', 29, 35, 3, 0, NULL),
(342, 1, '2017-09-14', '20:30:00', 30, 36, 3, 0, NULL),
(343, 1, '2017-09-14', '21:30:00', 31, 37, 3, 0, NULL),
(344, 1, '2017-09-11', '20:30:00', 32, 38, 7, 0, NULL),
(345, 2, NULL, NULL, 34, 27, NULL, 0, NULL),
(346, 2, NULL, NULL, 36, 29, NULL, 0, NULL),
(347, 2, NULL, NULL, 38, 31, NULL, 0, NULL),
(348, 2, NULL, NULL, 35, 28, NULL, 0, NULL),
(349, 2, NULL, NULL, 33, 32, NULL, 0, NULL),
(350, 2, NULL, NULL, 37, 30, NULL, 0, NULL),
(351, 3, NULL, NULL, 33, 34, NULL, 0, NULL),
(352, 3, NULL, NULL, 30, 38, NULL, 0, NULL),
(353, 3, NULL, NULL, 29, 37, NULL, 0, NULL),
(354, 3, NULL, NULL, 27, 35, NULL, 0, NULL),
(355, 3, NULL, NULL, 28, 36, NULL, 0, NULL),
(356, 3, NULL, NULL, 32, 31, NULL, 0, NULL),
(357, 4, NULL, NULL, 36, 27, NULL, 0, NULL),
(358, 4, NULL, NULL, 38, 29, NULL, 0, NULL),
(359, 4, NULL, NULL, 34, 32, NULL, 0, NULL),
(360, 4, NULL, NULL, 31, 30, NULL, 0, NULL),
(361, 4, NULL, NULL, 37, 28, NULL, 0, NULL),
(362, 4, NULL, NULL, 35, 33, NULL, 0, NULL),
(363, 5, NULL, NULL, 28, 38, NULL, 0, NULL),
(364, 5, NULL, NULL, 32, 30, NULL, 0, NULL),
(365, 5, NULL, NULL, 27, 37, NULL, 0, NULL),
(366, 5, NULL, NULL, 34, 35, NULL, 0, NULL),
(367, 5, NULL, NULL, 33, 36, NULL, 0, NULL),
(368, 5, NULL, NULL, 29, 31, NULL, 0, NULL),
(369, 6, NULL, NULL, 35, 32, NULL, 0, NULL),
(370, 6, NULL, NULL, 38, 27, NULL, 0, NULL),
(371, 6, NULL, NULL, 36, 34, NULL, 0, NULL),
(372, 6, NULL, NULL, 31, 28, NULL, 0, NULL),
(373, 6, NULL, NULL, 37, 33, NULL, 0, NULL),
(374, 6, NULL, NULL, 30, 29, NULL, 0, NULL),
(375, 7, NULL, NULL, 28, 30, NULL, 0, NULL),
(376, 7, NULL, NULL, 33, 38, NULL, 0, NULL),
(377, 7, NULL, NULL, 34, 37, NULL, 0, NULL),
(378, 7, NULL, NULL, 35, 36, NULL, 0, NULL),
(379, 7, NULL, NULL, 32, 29, NULL, 0, NULL),
(380, 7, NULL, NULL, 27, 31, NULL, 0, NULL),
(381, 8, NULL, NULL, 36, 32, NULL, 0, NULL),
(382, 8, NULL, NULL, 29, 28, NULL, 0, NULL),
(383, 8, NULL, NULL, 38, 34, NULL, 0, NULL),
(384, 8, NULL, NULL, 31, 33, NULL, 0, NULL),
(385, 8, NULL, NULL, 30, 27, NULL, 0, NULL),
(386, 8, NULL, NULL, 37, 35, NULL, 0, NULL),
(387, 9, NULL, NULL, 32, 28, NULL, 0, NULL),
(388, 9, NULL, NULL, 33, 30, NULL, 0, NULL),
(389, 9, NULL, NULL, 35, 38, NULL, 0, NULL),
(390, 9, NULL, NULL, 36, 37, NULL, 0, NULL),
(391, 9, NULL, NULL, 27, 29, NULL, 0, NULL),
(392, 9, NULL, NULL, 34, 31, NULL, 0, NULL),
(393, 10, NULL, NULL, 31, 35, NULL, 0, NULL),
(394, 10, NULL, NULL, 32, 37, NULL, 0, NULL),
(395, 10, NULL, NULL, 29, 33, NULL, 0, NULL),
(396, 10, NULL, NULL, 28, 27, NULL, 0, NULL),
(397, 10, NULL, NULL, 38, 36, NULL, 0, NULL),
(398, 10, NULL, NULL, 30, 34, NULL, 0, NULL),
(399, 11, NULL, NULL, 36, 31, NULL, 0, NULL),
(400, 11, NULL, NULL, 33, 28, NULL, 0, NULL),
(401, 11, NULL, NULL, 37, 38, NULL, 0, NULL),
(402, 11, NULL, NULL, 35, 30, NULL, 0, NULL),
(403, 11, NULL, NULL, 27, 32, NULL, 0, NULL),
(404, 11, NULL, NULL, 34, 29, NULL, 0, NULL),
(405, 12, NULL, NULL, 36, 30, NULL, 0, NULL),
(406, 12, NULL, NULL, 33, 27, NULL, 0, NULL),
(407, 12, NULL, NULL, 34, 28, NULL, 0, NULL),
(408, 12, NULL, NULL, 37, 31, NULL, 0, NULL),
(409, 12, NULL, NULL, 38, 32, NULL, 0, NULL),
(410, 12, NULL, NULL, 35, 29, NULL, 0, NULL),
(411, 13, NULL, NULL, 28, 35, NULL, 0, NULL),
(412, 13, NULL, NULL, 32, 33, NULL, 0, NULL),
(413, 13, NULL, NULL, 30, 37, NULL, 0, NULL),
(414, 13, NULL, NULL, 29, 36, NULL, 0, NULL),
(415, 13, NULL, NULL, 27, 34, NULL, 0, NULL),
(416, 13, NULL, NULL, 31, 38, NULL, 0, NULL),
(417, 14, NULL, NULL, 37, 29, NULL, 0, NULL),
(418, 14, NULL, NULL, 31, 32, NULL, 0, NULL),
(419, 14, NULL, NULL, 34, 33, NULL, 0, NULL),
(420, 14, NULL, NULL, 36, 28, NULL, 0, NULL),
(421, 14, NULL, NULL, 38, 30, NULL, 0, NULL),
(422, 14, NULL, NULL, 35, 27, NULL, 0, NULL),
(423, 15, NULL, NULL, 29, 38, NULL, 0, NULL),
(424, 15, NULL, NULL, 33, 35, NULL, 0, NULL),
(425, 15, NULL, NULL, 30, 31, NULL, 0, NULL),
(426, 15, NULL, NULL, 28, 37, NULL, 0, NULL),
(427, 15, NULL, NULL, 27, 36, NULL, 0, NULL),
(428, 15, NULL, NULL, 32, 34, NULL, 0, NULL),
(429, 16, NULL, NULL, 37, 27, NULL, 0, NULL),
(430, 16, NULL, NULL, 31, 29, NULL, 0, NULL),
(431, 16, NULL, NULL, 35, 34, NULL, 0, NULL),
(432, 16, NULL, NULL, 38, 28, NULL, 0, NULL),
(433, 16, NULL, NULL, 36, 33, NULL, 0, NULL),
(434, 16, NULL, NULL, 30, 32, NULL, 0, NULL),
(435, 17, NULL, NULL, 28, 31, NULL, 0, NULL),
(436, 17, NULL, NULL, 27, 38, NULL, 0, NULL),
(437, 17, NULL, NULL, 33, 37, NULL, 0, NULL),
(438, 17, NULL, NULL, 32, 35, NULL, 0, NULL),
(439, 17, NULL, NULL, 34, 36, NULL, 0, NULL),
(440, 17, NULL, NULL, 29, 30, NULL, 0, NULL),
(441, 18, NULL, NULL, 29, 32, NULL, 0, NULL),
(442, 18, NULL, NULL, 31, 27, NULL, 0, NULL),
(443, 18, NULL, NULL, 37, 34, NULL, 0, NULL),
(444, 18, NULL, NULL, 30, 28, NULL, 0, NULL),
(445, 18, NULL, NULL, 38, 33, NULL, 0, NULL),
(446, 18, NULL, NULL, 36, 35, NULL, 0, NULL),
(447, 19, NULL, NULL, 33, 31, NULL, 0, NULL),
(448, 19, NULL, NULL, 34, 38, NULL, 0, NULL),
(449, 19, NULL, NULL, 27, 30, NULL, 0, NULL),
(450, 19, NULL, NULL, 35, 37, NULL, 0, NULL),
(451, 19, NULL, NULL, 32, 36, NULL, 0, NULL),
(452, 19, NULL, NULL, 28, 29, NULL, 0, NULL),
(453, 20, NULL, NULL, 28, 32, NULL, 0, NULL),
(454, 20, NULL, NULL, 29, 27, NULL, 0, NULL),
(455, 20, NULL, NULL, 31, 34, NULL, 0, NULL),
(456, 20, NULL, NULL, 30, 33, NULL, 0, NULL),
(457, 20, NULL, NULL, 38, 35, NULL, 0, NULL),
(458, 20, NULL, NULL, 37, 36, NULL, 0, NULL),
(459, 21, NULL, NULL, 35, 31, NULL, 0, NULL),
(460, 21, NULL, NULL, 27, 28, NULL, 0, NULL),
(461, 21, NULL, NULL, 34, 30, NULL, 0, NULL),
(462, 21, NULL, NULL, 36, 38, NULL, 0, NULL),
(463, 21, NULL, NULL, 37, 32, NULL, 0, NULL),
(464, 21, NULL, NULL, 33, 29, NULL, 0, NULL),
(465, 22, NULL, NULL, 30, 35, NULL, 0, NULL),
(466, 22, NULL, NULL, 32, 27, NULL, 0, NULL),
(467, 22, NULL, NULL, 29, 34, NULL, 0, NULL),
(468, 22, NULL, NULL, 31, 36, NULL, 0, NULL),
(469, 22, NULL, NULL, 28, 33, NULL, 0, NULL),
(470, 22, NULL, NULL, 38, 37, NULL, 0, NULL),
(471, 1, '2017-09-14', '20:30:00', 39, 45, 2, 0, NULL),
(472, 1, '2017-09-12', '21:30:00', 40, 46, 2, 0, NULL),
(473, 1, '2017-09-12', '20:30:00', 41, 47, 2, 0, NULL),
(474, 1, '2017-09-11', '20:30:00', 42, 48, 2, 0, NULL),
(475, 1, '2017-09-11', '21:30:00', 43, 49, 2, 0, NULL),
(476, 1, '2017-09-14', '21:30:00', 44, 50, 2, 0, NULL),
(477, 2, NULL, NULL, 45, 51, NULL, 0, NULL),
(478, 2, NULL, NULL, 47, 40, NULL, 0, NULL),
(479, 2, NULL, NULL, 48, 41, NULL, 0, NULL),
(480, 2, NULL, NULL, 49, 42, NULL, 0, NULL),
(481, 2, NULL, NULL, 50, 43, NULL, 0, NULL),
(482, 2, NULL, NULL, 46, 39, NULL, 0, NULL),
(483, 3, NULL, NULL, 51, 44, NULL, 0, NULL),
(484, 3, NULL, NULL, 41, 49, NULL, 0, NULL),
(485, 3, NULL, NULL, 40, 48, NULL, 0, NULL),
(486, 3, NULL, NULL, 39, 47, NULL, 0, NULL),
(487, 3, NULL, NULL, 42, 50, NULL, 0, NULL),
(488, 3, NULL, NULL, 45, 46, NULL, 0, NULL),
(489, 4, NULL, NULL, 46, 51, NULL, 0, NULL),
(490, 4, NULL, NULL, 47, 45, NULL, 0, NULL),
(491, 4, NULL, NULL, 48, 39, NULL, 0, NULL),
(492, 4, NULL, NULL, 49, 40, NULL, 0, NULL),
(493, 4, NULL, NULL, 44, 43, NULL, 0, NULL),
(494, 4, NULL, NULL, 50, 41, NULL, 0, NULL),
(495, 5, NULL, NULL, 42, 44, NULL, 0, NULL),
(496, 5, NULL, NULL, 51, 43, NULL, 0, NULL),
(497, 5, NULL, NULL, 46, 47, NULL, 0, NULL),
(498, 5, NULL, NULL, 40, 50, NULL, 0, NULL),
(499, 5, NULL, NULL, 39, 49, NULL, 0, NULL),
(500, 5, NULL, NULL, 45, 48, NULL, 0, NULL),
(501, 6, NULL, NULL, 44, 41, NULL, 0, NULL),
(502, 6, NULL, NULL, 50, 39, NULL, 0, NULL),
(503, 6, NULL, NULL, 43, 42, NULL, 0, NULL),
(504, 6, NULL, NULL, 47, 51, NULL, 0, NULL),
(505, 6, NULL, NULL, 48, 46, NULL, 0, NULL),
(506, 6, NULL, NULL, 49, 45, NULL, 0, NULL),
(507, 7, NULL, NULL, 41, 43, NULL, 0, NULL),
(508, 7, NULL, NULL, 40, 44, NULL, 0, NULL),
(509, 7, NULL, NULL, 51, 42, NULL, 0, NULL),
(510, 7, NULL, NULL, 46, 49, NULL, 0, NULL),
(511, 7, NULL, NULL, 45, 50, NULL, 0, NULL),
(512, 7, NULL, NULL, 47, 48, NULL, 0, NULL),
(513, 8, NULL, NULL, 42, 41, NULL, 0, NULL),
(514, 8, NULL, NULL, 43, 40, NULL, 0, NULL),
(515, 8, NULL, NULL, 44, 39, NULL, 0, NULL),
(516, 8, NULL, NULL, 48, 51, NULL, 0, NULL),
(517, 8, NULL, NULL, 49, 47, NULL, 0, NULL),
(518, 8, NULL, NULL, 50, 46, NULL, 0, NULL),
(519, 9, NULL, NULL, 40, 42, NULL, 0, NULL),
(520, 9, NULL, NULL, 45, 44, NULL, 0, NULL),
(521, 9, NULL, NULL, 39, 43, NULL, 0, NULL),
(522, 9, NULL, NULL, 51, 41, NULL, 0, NULL),
(523, 9, NULL, NULL, 47, 50, NULL, 0, NULL),
(524, 9, NULL, NULL, 48, 49, NULL, 0, NULL),
(525, 10, NULL, NULL, 44, 46, NULL, 0, NULL),
(526, 10, NULL, NULL, 41, 40, NULL, 0, NULL),
(527, 10, NULL, NULL, 42, 39, NULL, 0, NULL),
(528, 10, NULL, NULL, 43, 45, NULL, 0, NULL),
(529, 10, NULL, NULL, 49, 51, NULL, 0, NULL),
(530, 10, NULL, NULL, 50, 48, NULL, 0, NULL),
(531, 11, NULL, NULL, 51, 40, NULL, 0, NULL),
(532, 11, NULL, NULL, 45, 42, NULL, 0, NULL),
(533, 11, NULL, NULL, 47, 44, NULL, 0, NULL),
(534, 11, NULL, NULL, 46, 43, NULL, 0, NULL),
(535, 11, NULL, NULL, 39, 41, NULL, 0, NULL),
(536, 11, NULL, NULL, 49, 50, NULL, 0, NULL),
(537, 12, NULL, NULL, 44, 48, NULL, 0, NULL),
(538, 12, NULL, NULL, 51, 50, NULL, 0, NULL),
(539, 12, NULL, NULL, 42, 46, NULL, 0, NULL),
(540, 12, NULL, NULL, 40, 39, NULL, 0, NULL),
(541, 12, NULL, NULL, 41, 45, NULL, 0, NULL),
(542, 12, NULL, NULL, 43, 47, NULL, 0, NULL),
(543, 13, NULL, NULL, 39, 51, NULL, 0, NULL),
(544, 13, NULL, NULL, 47, 42, NULL, 0, NULL),
(545, 13, NULL, NULL, 48, 43, NULL, 0, NULL),
(546, 13, NULL, NULL, 49, 44, NULL, 0, NULL),
(547, 13, NULL, NULL, 46, 41, NULL, 0, NULL),
(548, 13, NULL, NULL, 45, 40, NULL, 0, NULL),
(549, 14, NULL, NULL, 49, 43, NULL, 0, NULL),
(550, 14, NULL, NULL, 46, 40, NULL, 0, NULL),
(551, 14, NULL, NULL, 45, 39, NULL, 0, NULL),
(552, 14, NULL, NULL, 50, 44, NULL, 0, NULL),
(553, 14, NULL, NULL, 48, 42, NULL, 0, NULL),
(554, 14, NULL, NULL, 47, 41, NULL, 0, NULL),
(555, 15, NULL, NULL, 51, 45, NULL, 0, NULL),
(556, 15, NULL, NULL, 41, 48, NULL, 0, NULL),
(557, 15, NULL, NULL, 42, 49, NULL, 0, NULL),
(558, 15, NULL, NULL, 43, 50, NULL, 0, NULL),
(559, 15, NULL, NULL, 39, 46, NULL, 0, NULL),
(560, 15, NULL, NULL, 40, 47, NULL, 0, NULL),
(561, 16, NULL, NULL, 46, 45, NULL, 0, NULL),
(562, 16, NULL, NULL, 44, 51, NULL, 0, NULL),
(563, 16, NULL, NULL, 49, 41, NULL, 0, NULL),
(564, 16, NULL, NULL, 47, 39, NULL, 0, NULL),
(565, 16, NULL, NULL, 50, 42, NULL, 0, NULL),
(566, 16, NULL, NULL, 48, 40, NULL, 0, NULL),
(567, 17, NULL, NULL, 51, 46, NULL, 0, NULL),
(568, 17, NULL, NULL, 45, 47, NULL, 0, NULL),
(569, 17, NULL, NULL, 40, 49, NULL, 0, NULL),
(570, 17, NULL, NULL, 43, 44, NULL, 0, NULL),
(571, 17, NULL, NULL, 41, 50, NULL, 0, NULL),
(572, 17, NULL, NULL, 39, 48, NULL, 0, NULL),
(573, 18, NULL, NULL, 44, 42, NULL, 0, NULL),
(574, 18, NULL, NULL, 47, 46, NULL, 0, NULL),
(575, 18, NULL, NULL, 43, 51, NULL, 0, NULL),
(576, 18, NULL, NULL, 50, 40, NULL, 0, NULL),
(577, 18, NULL, NULL, 48, 45, NULL, 0, NULL),
(578, 18, NULL, NULL, 49, 39, NULL, 0, NULL),
(579, 19, NULL, NULL, 41, 44, NULL, 0, NULL),
(580, 19, NULL, NULL, 46, 48, NULL, 0, NULL),
(581, 19, NULL, NULL, 39, 50, NULL, 0, NULL),
(582, 19, NULL, NULL, 42, 43, NULL, 0, NULL),
(583, 19, NULL, NULL, 51, 47, NULL, 0, NULL),
(584, 19, NULL, NULL, 45, 49, NULL, 0, NULL),
(585, 20, NULL, NULL, 48, 47, NULL, 0, NULL),
(586, 20, NULL, NULL, 43, 41, NULL, 0, NULL),
(587, 20, NULL, NULL, 44, 40, NULL, 0, NULL),
(588, 20, NULL, NULL, 42, 51, NULL, 0, NULL),
(589, 20, NULL, NULL, 49, 46, NULL, 0, NULL),
(590, 20, NULL, NULL, 50, 45, NULL, 0, NULL),
(591, 21, NULL, NULL, 41, 42, NULL, 0, NULL),
(592, 21, NULL, NULL, 40, 43, NULL, 0, NULL),
(593, 21, NULL, NULL, 39, 44, NULL, 0, NULL),
(594, 21, NULL, NULL, 47, 49, NULL, 0, NULL),
(595, 21, NULL, NULL, 51, 48, NULL, 0, NULL),
(596, 21, NULL, NULL, 46, 50, NULL, 0, NULL),
(597, 22, NULL, NULL, 42, 40, NULL, 0, NULL),
(598, 22, NULL, NULL, 49, 48, NULL, 0, NULL),
(599, 22, NULL, NULL, 43, 39, NULL, 0, NULL),
(600, 22, NULL, NULL, 44, 45, NULL, 0, NULL),
(601, 22, NULL, NULL, 41, 51, NULL, 0, NULL),
(602, 22, NULL, NULL, 50, 47, NULL, 0, NULL),
(603, 23, NULL, NULL, 40, 41, NULL, 0, NULL),
(604, 23, NULL, NULL, 39, 42, NULL, 0, NULL),
(605, 23, NULL, NULL, 45, 43, NULL, 0, NULL),
(606, 23, NULL, NULL, 48, 50, NULL, 0, NULL),
(607, 23, NULL, NULL, 51, 49, NULL, 0, NULL),
(608, 23, NULL, NULL, 46, 44, NULL, 0, NULL),
(609, 24, NULL, NULL, 40, 51, NULL, 0, NULL),
(610, 24, NULL, NULL, 42, 45, NULL, 0, NULL),
(611, 24, NULL, NULL, 44, 47, NULL, 0, NULL),
(612, 24, NULL, NULL, 43, 46, NULL, 0, NULL),
(613, 24, NULL, NULL, 41, 39, NULL, 0, NULL),
(614, 24, NULL, NULL, 50, 49, NULL, 0, NULL),
(615, 25, NULL, NULL, 50, 51, NULL, 0, NULL),
(616, 25, NULL, NULL, 46, 42, NULL, 0, NULL),
(617, 25, NULL, NULL, 39, 40, NULL, 0, NULL),
(618, 25, NULL, NULL, 45, 41, NULL, 0, NULL),
(619, 25, NULL, NULL, 47, 43, NULL, 0, NULL),
(620, 25, NULL, NULL, 48, 44, NULL, 0, NULL),
(621, 26, NULL, NULL, 51, 39, NULL, 0, NULL),
(622, 26, NULL, NULL, 42, 47, NULL, 0, NULL),
(623, 26, NULL, NULL, 44, 49, NULL, 0, NULL),
(624, 26, NULL, NULL, 43, 48, NULL, 0, NULL),
(625, 26, NULL, NULL, 41, 46, NULL, 0, NULL),
(626, 26, NULL, NULL, 40, 45, NULL, 0, NULL),
(627, 1, '2017-09-13', '20:30:00', 64, 70, 2, 0, NULL),
(628, 1, '2017-09-13', '21:30:00', 65, 71, 2, 0, NULL),
(629, 1, '2017-09-11', '21:30:00', 66, 72, 1, 0, NULL),
(630, 1, '2017-09-11', '20:30:00', 67, 73, 1, 0, NULL),
(631, 1, '2017-09-13', '21:30:00', 68, 74, 1, 0, NULL),
(632, 1, '2017-09-13', '20:30:00', 69, 75, 1, 0, NULL),
(633, 2, NULL, NULL, 71, 64, NULL, 0, NULL),
(634, 2, NULL, NULL, 74, 67, NULL, 0, NULL),
(635, 2, NULL, NULL, 70, 69, NULL, 0, NULL),
(636, 2, NULL, NULL, 72, 65, NULL, 0, NULL),
(637, 2, NULL, NULL, 73, 66, NULL, 0, NULL),
(638, 2, NULL, NULL, 75, 68, NULL, 0, NULL),
(639, 3, NULL, NULL, 69, 68, NULL, 0, NULL),
(640, 3, NULL, NULL, 65, 73, NULL, 0, NULL),
(641, 3, NULL, NULL, 67, 75, NULL, 0, NULL),
(642, 3, NULL, NULL, 64, 72, NULL, 0, NULL),
(643, 3, NULL, NULL, 70, 71, NULL, 0, NULL),
(644, 3, NULL, NULL, 66, 74, NULL, 0, NULL),
(645, 4, NULL, NULL, 73, 64, NULL, 0, NULL),
(646, 4, NULL, NULL, 75, 66, NULL, 0, NULL),
(647, 4, NULL, NULL, 72, 70, NULL, 0, NULL),
(648, 4, NULL, NULL, 71, 69, NULL, 0, NULL),
(649, 4, NULL, NULL, 74, 65, NULL, 0, NULL),
(650, 4, NULL, NULL, 68, 67, NULL, 0, NULL),
(651, 5, NULL, NULL, 71, 72, NULL, 0, NULL),
(652, 5, NULL, NULL, 66, 68, NULL, 0, NULL),
(653, 5, NULL, NULL, 70, 73, NULL, 0, NULL),
(654, 5, NULL, NULL, 69, 67, NULL, 0, NULL),
(655, 5, NULL, NULL, 64, 74, NULL, 0, NULL),
(656, 5, NULL, NULL, 65, 75, NULL, 0, NULL),
(657, 6, NULL, NULL, 73, 71, NULL, 0, NULL),
(658, 6, NULL, NULL, 74, 70, NULL, 0, NULL),
(659, 6, NULL, NULL, 72, 69, NULL, 0, NULL),
(660, 6, NULL, NULL, 68, 65, NULL, 0, NULL),
(661, 6, NULL, NULL, 67, 66, NULL, 0, NULL),
(662, 6, NULL, NULL, 75, 64, NULL, 0, NULL),
(663, 7, NULL, NULL, 70, 75, NULL, 0, NULL),
(664, 7, NULL, NULL, 69, 66, NULL, 0, NULL),
(665, 7, NULL, NULL, 72, 73, NULL, 0, NULL),
(666, 7, NULL, NULL, 64, 68, NULL, 0, NULL),
(667, 7, NULL, NULL, 65, 67, NULL, 0, NULL),
(668, 7, NULL, NULL, 71, 74, NULL, 0, NULL),
(669, 8, NULL, NULL, 75, 71, NULL, 0, NULL),
(670, 8, NULL, NULL, 74, 72, NULL, 0, NULL),
(671, 8, NULL, NULL, 68, 70, NULL, 0, NULL),
(672, 8, NULL, NULL, 73, 69, NULL, 0, NULL),
(673, 8, NULL, NULL, 66, 65, NULL, 0, NULL),
(674, 8, NULL, NULL, 67, 64, NULL, 0, NULL),
(675, 9, NULL, NULL, 72, 75, NULL, 0, NULL),
(676, 9, NULL, NULL, 64, 66, NULL, 0, NULL),
(677, 9, NULL, NULL, 73, 74, NULL, 0, NULL),
(678, 9, NULL, NULL, 71, 68, NULL, 0, NULL),
(679, 9, NULL, NULL, 70, 67, NULL, 0, NULL),
(680, 9, NULL, NULL, 69, 65, NULL, 0, NULL),
(681, 10, NULL, NULL, 65, 64, NULL, 0, NULL),
(682, 10, NULL, NULL, 75, 73, NULL, 0, NULL),
(683, 10, NULL, NULL, 67, 71, NULL, 0, NULL),
(684, 10, NULL, NULL, 69, 74, NULL, 0, NULL),
(685, 10, NULL, NULL, 68, 72, NULL, 0, NULL),
(686, 10, NULL, NULL, 66, 70, NULL, 0, NULL),
(687, 11, NULL, NULL, 70, 65, NULL, 0, NULL),
(688, 11, NULL, NULL, 73, 68, NULL, 0, NULL),
(689, 11, NULL, NULL, 72, 67, NULL, 0, NULL),
(690, 11, NULL, NULL, 64, 69, NULL, 0, NULL),
(691, 11, NULL, NULL, 74, 75, NULL, 0, NULL),
(692, 11, NULL, NULL, 71, 66, NULL, 0, NULL),
(693, 12, NULL, NULL, 74, 68, NULL, 0, NULL),
(694, 12, NULL, NULL, 70, 64, NULL, 0, NULL),
(695, 12, NULL, NULL, 72, 66, NULL, 0, NULL),
(696, 12, NULL, NULL, 75, 69, NULL, 0, NULL),
(697, 12, NULL, NULL, 71, 65, NULL, 0, NULL),
(698, 12, NULL, NULL, 73, 67, NULL, 0, NULL),
(699, 13, NULL, NULL, 67, 74, NULL, 0, NULL),
(700, 13, NULL, NULL, 66, 73, NULL, 0, NULL),
(701, 13, NULL, NULL, 68, 75, NULL, 0, NULL),
(702, 13, NULL, NULL, 64, 71, NULL, 0, NULL),
(703, 13, NULL, NULL, 69, 70, NULL, 0, NULL),
(704, 13, NULL, NULL, 65, 72, NULL, 0, NULL),
(705, 14, NULL, NULL, 75, 67, NULL, 0, NULL),
(706, 14, NULL, NULL, 71, 70, NULL, 0, NULL),
(707, 14, NULL, NULL, 74, 66, NULL, 0, NULL),
(708, 14, NULL, NULL, 68, 69, NULL, 0, NULL),
(709, 14, NULL, NULL, 73, 65, NULL, 0, NULL),
(710, 14, NULL, NULL, 72, 64, NULL, 0, NULL),
(711, 15, NULL, NULL, 66, 75, NULL, 0, NULL),
(712, 15, NULL, NULL, 64, 73, NULL, 0, NULL),
(713, 15, NULL, NULL, 67, 68, NULL, 0, NULL),
(714, 15, NULL, NULL, 69, 71, NULL, 0, NULL),
(715, 15, NULL, NULL, 65, 74, NULL, 0, NULL),
(716, 15, NULL, NULL, 70, 72, NULL, 0, NULL),
(717, 16, NULL, NULL, 68, 66, NULL, 0, NULL),
(718, 16, NULL, NULL, 67, 69, NULL, 0, NULL),
(719, 16, NULL, NULL, 75, 65, NULL, 0, NULL),
(720, 16, NULL, NULL, 72, 71, NULL, 0, NULL),
(721, 16, NULL, NULL, 73, 70, NULL, 0, NULL),
(722, 16, NULL, NULL, 74, 64, NULL, 0, NULL),
(723, 17, NULL, NULL, 69, 72, NULL, 0, NULL),
(724, 17, NULL, NULL, 65, 68, NULL, 0, NULL),
(725, 17, NULL, NULL, 66, 67, NULL, 0, NULL),
(726, 17, NULL, NULL, 64, 75, NULL, 0, NULL),
(727, 17, NULL, NULL, 71, 73, NULL, 0, NULL),
(728, 17, NULL, NULL, 70, 74, NULL, 0, NULL),
(729, 18, NULL, NULL, 68, 64, NULL, 0, NULL),
(730, 18, NULL, NULL, 67, 65, NULL, 0, NULL),
(731, 18, NULL, NULL, 75, 70, NULL, 0, NULL),
(732, 18, NULL, NULL, 73, 72, NULL, 0, NULL),
(733, 18, NULL, NULL, 66, 69, NULL, 0, NULL),
(734, 18, NULL, NULL, 74, 71, NULL, 0, NULL),
(735, 19, NULL, NULL, 65, 66, NULL, 0, NULL),
(736, 19, NULL, NULL, 69, 73, NULL, 0, NULL),
(737, 19, NULL, NULL, 70, 68, NULL, 0, NULL),
(738, 19, NULL, NULL, 64, 67, NULL, 0, NULL),
(739, 19, NULL, NULL, 71, 75, NULL, 0, NULL),
(740, 19, NULL, NULL, 72, 74, NULL, 0, NULL),
(741, 20, NULL, NULL, 66, 64, NULL, 0, NULL),
(742, 20, NULL, NULL, 67, 70, NULL, 0, NULL),
(743, 20, NULL, NULL, 75, 72, NULL, 0, NULL),
(744, 20, NULL, NULL, 65, 69, NULL, 0, NULL),
(745, 20, NULL, NULL, 74, 73, NULL, 0, NULL),
(746, 20, NULL, NULL, 68, 71, NULL, 0, NULL),
(747, 21, NULL, NULL, 64, 65, NULL, 0, NULL),
(748, 21, NULL, NULL, 70, 66, NULL, 0, NULL),
(749, 21, NULL, NULL, 71, 67, NULL, 0, NULL),
(750, 21, NULL, NULL, 73, 75, NULL, 0, NULL),
(751, 21, NULL, NULL, 74, 69, NULL, 0, NULL),
(752, 21, NULL, NULL, 72, 68, NULL, 0, NULL),
(753, 22, NULL, NULL, 65, 70, NULL, 0, NULL),
(754, 22, NULL, NULL, 69, 64, NULL, 0, NULL),
(755, 22, NULL, NULL, 66, 71, NULL, 0, NULL),
(756, 22, NULL, NULL, 68, 73, NULL, 0, NULL),
(757, 22, NULL, NULL, 67, 72, NULL, 0, NULL),
(758, 22, NULL, NULL, 75, 74, NULL, 0, NULL),
(759, 1, '2017-09-14', '20:30:00', 76, 82, 7, 0, NULL),
(760, 1, '2017-09-11', '21:30:00', 78, 83, 7, 0, NULL),
(761, 1, '2017-09-13', '20:30:00', 79, 84, 7, 0, NULL),
(762, 1, NULL, NULL, 80, 85, NULL, 1, NULL),
(763, 1, '2017-09-11', '21:30:00', 81, 86, 8, 0, NULL),
(764, 2, NULL, NULL, 84, 78, NULL, 0, NULL),
(765, 2, NULL, NULL, 83, 76, NULL, 0, NULL),
(766, 2, NULL, NULL, 85, 79, NULL, 0, NULL),
(767, 2, NULL, NULL, 86, 80, NULL, 0, NULL),
(768, 2, NULL, NULL, 82, 77, NULL, 0, NULL),
(769, 3, NULL, NULL, 77, 81, NULL, 0, NULL),
(770, 3, NULL, NULL, 78, 85, NULL, 0, NULL),
(771, 3, NULL, NULL, 82, 83, NULL, 0, NULL),
(772, 3, NULL, NULL, 76, 84, NULL, 0, NULL),
(773, 3, NULL, NULL, 79, 86, NULL, 0, NULL),
(774, 4, NULL, NULL, 84, 82, NULL, 0, NULL),
(775, 4, NULL, NULL, 86, 78, NULL, 0, NULL),
(776, 4, NULL, NULL, 83, 77, NULL, 0, NULL),
(777, 4, NULL, NULL, 81, 80, NULL, 0, NULL),
(778, 4, NULL, NULL, 85, 76, NULL, 0, NULL),
(779, 5, NULL, NULL, 79, 81, NULL, 0, NULL),
(780, 5, NULL, NULL, 77, 80, NULL, 0, NULL),
(781, 5, NULL, NULL, 82, 85, NULL, 0, NULL),
(782, 5, NULL, NULL, 76, 86, NULL, 0, NULL),
(783, 5, NULL, NULL, 83, 84, NULL, 0, NULL),
(784, 6, NULL, NULL, 84, 77, NULL, 0, NULL),
(785, 6, NULL, NULL, 86, 82, NULL, 0, NULL),
(786, 6, NULL, NULL, 81, 78, NULL, 0, NULL),
(787, 6, NULL, NULL, 85, 83, NULL, 0, NULL),
(788, 6, NULL, NULL, 80, 79, NULL, 0, NULL),
(789, 7, NULL, NULL, 76, 81, NULL, 0, NULL),
(790, 7, NULL, NULL, 84, 85, NULL, 0, NULL),
(791, 7, NULL, NULL, 78, 80, NULL, 0, NULL),
(792, 7, NULL, NULL, 77, 79, NULL, 0, NULL),
(793, 7, NULL, NULL, 83, 86, NULL, 0, NULL),
(794, 8, NULL, NULL, 81, 82, NULL, 0, NULL),
(795, 8, NULL, NULL, 80, 76, NULL, 0, NULL),
(796, 8, NULL, NULL, 86, 84, NULL, 0, NULL),
(797, 8, NULL, NULL, 79, 78, NULL, 0, NULL),
(798, 8, NULL, NULL, 85, 77, NULL, 0, NULL),
(799, 9, NULL, NULL, 83, 81, NULL, 0, NULL),
(800, 9, NULL, NULL, 76, 79, NULL, 0, NULL),
(801, 9, NULL, NULL, 82, 80, NULL, 0, NULL),
(802, 9, NULL, NULL, 77, 78, NULL, 0, NULL),
(803, 9, NULL, NULL, 85, 86, NULL, 0, NULL),
(804, 10, NULL, NULL, 81, 84, NULL, 0, NULL),
(805, 10, NULL, NULL, 79, 82, NULL, 0, NULL),
(806, 10, NULL, NULL, 78, 76, NULL, 0, NULL),
(807, 10, NULL, NULL, 80, 83, NULL, 0, NULL),
(808, 10, NULL, NULL, 77, 86, NULL, 0, NULL),
(809, 11, NULL, NULL, 84, 80, NULL, 0, NULL),
(810, 11, NULL, NULL, 82, 78, NULL, 0, NULL),
(811, 11, NULL, NULL, 85, 81, NULL, 0, NULL),
(812, 11, NULL, NULL, 83, 79, NULL, 0, NULL),
(813, 11, NULL, NULL, 76, 77, NULL, 0, NULL),
(814, 12, NULL, NULL, 85, 80, NULL, 0, NULL),
(815, 12, NULL, NULL, 82, 76, NULL, 0, NULL),
(816, 12, NULL, NULL, 86, 81, NULL, 0, NULL),
(817, 12, NULL, NULL, 84, 79, NULL, 0, NULL),
(818, 12, NULL, NULL, 83, 78, NULL, 0, NULL),
(819, 13, NULL, NULL, 80, 86, NULL, 0, NULL),
(820, 13, NULL, NULL, 76, 83, NULL, 0, NULL),
(821, 13, NULL, NULL, 79, 85, NULL, 0, NULL),
(822, 13, NULL, NULL, 77, 82, NULL, 0, NULL),
(823, 13, NULL, NULL, 78, 84, NULL, 0, NULL),
(824, 14, NULL, NULL, 81, 77, NULL, 0, NULL),
(825, 14, NULL, NULL, 85, 78, NULL, 0, NULL),
(826, 14, NULL, NULL, 83, 82, NULL, 0, NULL),
(827, 14, NULL, NULL, 84, 76, NULL, 0, NULL),
(828, 14, NULL, NULL, 86, 79, NULL, 0, NULL),
(829, 15, NULL, NULL, 80, 81, NULL, 0, NULL),
(830, 15, NULL, NULL, 78, 86, NULL, 0, NULL),
(831, 15, NULL, NULL, 77, 83, NULL, 0, NULL),
(832, 15, NULL, NULL, 76, 85, NULL, 0, NULL),
(833, 15, NULL, NULL, 82, 84, NULL, 0, NULL),
(834, 16, NULL, NULL, 81, 79, NULL, 0, NULL),
(835, 16, NULL, NULL, 80, 77, NULL, 0, NULL),
(836, 16, NULL, NULL, 86, 76, NULL, 0, NULL),
(837, 16, NULL, NULL, 84, 83, NULL, 0, NULL),
(838, 16, NULL, NULL, 85, 82, NULL, 0, NULL),
(839, 17, NULL, NULL, 79, 80, NULL, 0, NULL),
(840, 17, NULL, NULL, 77, 84, NULL, 0, NULL),
(841, 17, NULL, NULL, 82, 86, NULL, 0, NULL),
(842, 17, NULL, NULL, 78, 81, NULL, 0, NULL),
(843, 17, NULL, NULL, 83, 85, NULL, 0, NULL),
(844, 18, NULL, NULL, 81, 76, NULL, 0, NULL),
(845, 18, NULL, NULL, 79, 77, NULL, 0, NULL),
(846, 18, NULL, NULL, 80, 78, NULL, 0, NULL),
(847, 18, NULL, NULL, 86, 83, NULL, 0, NULL),
(848, 18, NULL, NULL, 85, 84, NULL, 0, NULL),
(849, 19, NULL, NULL, 77, 85, NULL, 0, NULL),
(850, 19, NULL, NULL, 82, 81, NULL, 0, NULL),
(851, 19, NULL, NULL, 76, 80, NULL, 0, NULL),
(852, 19, NULL, NULL, 78, 79, NULL, 0, NULL),
(853, 19, NULL, NULL, 84, 86, NULL, 0, NULL),
(854, 20, NULL, NULL, 81, 83, NULL, 0, NULL),
(855, 20, NULL, NULL, 79, 76, NULL, 0, NULL),
(856, 20, NULL, NULL, 86, 85, NULL, 0, NULL),
(857, 20, NULL, NULL, 80, 82, NULL, 0, NULL),
(858, 20, NULL, NULL, 78, 77, NULL, 0, NULL),
(859, 21, NULL, NULL, 84, 81, NULL, 0, NULL),
(860, 21, NULL, NULL, 82, 79, NULL, 0, NULL),
(861, 21, NULL, NULL, 76, 78, NULL, 0, NULL),
(862, 21, NULL, NULL, 83, 80, NULL, 0, NULL),
(863, 21, NULL, NULL, 86, 77, NULL, 0, NULL),
(864, 22, NULL, NULL, 80, 84, NULL, 0, NULL),
(865, 22, NULL, NULL, 78, 82, NULL, 0, NULL),
(866, 22, NULL, NULL, 81, 85, NULL, 0, NULL),
(867, 22, NULL, NULL, 79, 83, NULL, 0, NULL),
(868, 22, NULL, NULL, 77, 76, NULL, 0, NULL),
(869, 1, '2017-09-14', '20:30:00', 52, 58, 8, 0, NULL),
(870, 1, '2017-09-14', '21:30:00', 53, 59, 7, 0, NULL),
(871, 1, '2017-09-13', '21:30:00', 54, 60, 7, 0, NULL),
(872, 1, '2017-09-14', '21:30:00', 55, 61, 8, 0, NULL),
(873, 1, '2017-09-12', '20:30:00', 56, 62, 7, 0, NULL),
(874, 1, '2017-09-12', '21:30:00', 57, 63, 7, 0, NULL),
(875, 2, NULL, NULL, 62, 55, NULL, 0, NULL),
(876, 2, NULL, NULL, 59, 52, NULL, 0, NULL),
(877, 2, NULL, NULL, 63, 56, NULL, 0, NULL),
(878, 2, NULL, NULL, 60, 53, NULL, 0, NULL),
(879, 2, NULL, NULL, 61, 54, NULL, 0, NULL),
(880, 2, NULL, NULL, 58, 57, NULL, 0, NULL),
(881, 3, NULL, NULL, 52, 60, NULL, 0, NULL),
(882, 3, NULL, NULL, 55, 63, NULL, 0, NULL),
(883, 3, NULL, NULL, 58, 59, NULL, 0, NULL),
(884, 3, NULL, NULL, 57, 56, NULL, 0, NULL),
(885, 3, NULL, NULL, 54, 62, NULL, 0, NULL),
(886, 3, NULL, NULL, 53, 61, NULL, 0, NULL),
(887, 4, NULL, NULL, 60, 58, NULL, 0, NULL),
(888, 4, NULL, NULL, 62, 53, NULL, 0, NULL),
(889, 4, NULL, NULL, 59, 57, NULL, 0, NULL),
(890, 4, NULL, NULL, 63, 54, NULL, 0, NULL),
(891, 4, NULL, NULL, 61, 52, NULL, 0, NULL),
(892, 4, NULL, NULL, 56, 55, NULL, 0, NULL),
(893, 5, NULL, NULL, 58, 61, NULL, 0, NULL),
(894, 5, NULL, NULL, 57, 55, NULL, 0, NULL),
(895, 5, NULL, NULL, 59, 60, NULL, 0, NULL),
(896, 5, NULL, NULL, 54, 56, NULL, 0, NULL),
(897, 5, NULL, NULL, 52, 62, NULL, 0, NULL),
(898, 5, NULL, NULL, 53, 63, NULL, 0, NULL),
(899, 6, NULL, NULL, 62, 58, NULL, 0, NULL),
(900, 6, NULL, NULL, 55, 54, NULL, 0, NULL),
(901, 6, NULL, NULL, 61, 59, NULL, 0, NULL),
(902, 6, NULL, NULL, 63, 52, NULL, 0, NULL),
(903, 6, NULL, NULL, 56, 53, NULL, 0, NULL),
(904, 6, NULL, NULL, 60, 57, NULL, 0, NULL),
(905, 7, NULL, NULL, 53, 55, NULL, 0, NULL),
(906, 7, NULL, NULL, 60, 61, NULL, 0, NULL),
(907, 7, NULL, NULL, 58, 63, NULL, 0, NULL),
(908, 7, NULL, NULL, 52, 56, NULL, 0, NULL),
(909, 7, NULL, NULL, 57, 54, NULL, 0, NULL),
(910, 7, NULL, NULL, 59, 62, NULL, 0, NULL),
(911, 8, NULL, NULL, 62, 60, NULL, 0, NULL),
(912, 8, NULL, NULL, 63, 59, NULL, 0, NULL),
(913, 8, NULL, NULL, 55, 52, NULL, 0, NULL),
(914, 8, NULL, NULL, 54, 53, NULL, 0, NULL),
(915, 8, NULL, NULL, 61, 57, NULL, 0, NULL),
(916, 8, NULL, NULL, 56, 58, NULL, 0, NULL),
(917, 9, NULL, NULL, 60, 63, NULL, 0, NULL),
(918, 9, NULL, NULL, 58, 55, NULL, 0, NULL),
(919, 9, NULL, NULL, 57, 53, NULL, 0, NULL),
(920, 9, NULL, NULL, 59, 56, NULL, 0, NULL),
(921, 9, NULL, NULL, 52, 54, NULL, 0, NULL),
(922, 9, NULL, NULL, 61, 62, NULL, 0, NULL),
(923, 10, NULL, NULL, 56, 60, NULL, 0, NULL),
(924, 10, NULL, NULL, 55, 59, NULL, 0, NULL),
(925, 10, NULL, NULL, 63, 61, NULL, 0, NULL),
(926, 10, NULL, NULL, 53, 52, NULL, 0, NULL),
(927, 10, NULL, NULL, 57, 62, NULL, 0, NULL),
(928, 10, NULL, NULL, 54, 58, NULL, 0, NULL),
(929, 11, NULL, NULL, 60, 55, NULL, 0, NULL),
(930, 11, NULL, NULL, 58, 53, NULL, 0, NULL),
(931, 11, NULL, NULL, 61, 56, NULL, 0, NULL),
(932, 11, NULL, NULL, 59, 54, NULL, 0, NULL),
(933, 11, NULL, NULL, 62, 63, NULL, 0, NULL),
(934, 11, NULL, NULL, 52, 57, NULL, 0, NULL),
(935, 12, NULL, NULL, 60, 54, NULL, 0, NULL),
(936, 12, NULL, NULL, 62, 56, NULL, 0, NULL),
(937, 12, NULL, NULL, 59, 53, NULL, 0, NULL),
(938, 12, NULL, NULL, 63, 57, NULL, 0, NULL),
(939, 12, NULL, NULL, 61, 55, NULL, 0, NULL),
(940, 12, NULL, NULL, 58, 52, NULL, 0, NULL),
(941, 13, NULL, NULL, 53, 60, NULL, 0, NULL),
(942, 13, NULL, NULL, 54, 61, NULL, 0, NULL),
(943, 13, NULL, NULL, 57, 58, NULL, 0, NULL),
(944, 13, NULL, NULL, 56, 63, NULL, 0, NULL),
(945, 13, NULL, NULL, 55, 62, NULL, 0, NULL),
(946, 13, NULL, NULL, 52, 59, NULL, 0, NULL),
(947, 14, NULL, NULL, 60, 52, NULL, 0, NULL),
(948, 14, NULL, NULL, 62, 54, NULL, 0, NULL),
(949, 14, NULL, NULL, 63, 55, NULL, 0, NULL),
(950, 14, NULL, NULL, 61, 53, NULL, 0, NULL),
(951, 14, NULL, NULL, 56, 57, NULL, 0, NULL),
(952, 14, NULL, NULL, 59, 58, NULL, 0, NULL),
(953, 15, NULL, NULL, 52, 61, NULL, 0, NULL),
(954, 15, NULL, NULL, 55, 56, NULL, 0, NULL),
(955, 15, NULL, NULL, 58, 60, NULL, 0, NULL),
(956, 15, NULL, NULL, 54, 63, NULL, 0, NULL),
(957, 15, NULL, NULL, 53, 62, NULL, 0, NULL),
(958, 15, NULL, NULL, 57, 59, NULL, 0, NULL),
(959, 16, NULL, NULL, 61, 58, NULL, 0, NULL),
(960, 16, NULL, NULL, 56, 54, NULL, 0, NULL),
(961, 16, NULL, NULL, 63, 53, NULL, 0, NULL),
(962, 16, NULL, NULL, 62, 52, NULL, 0, NULL),
(963, 16, NULL, NULL, 55, 57, NULL, 0, NULL),
(964, 16, NULL, NULL, 60, 59, NULL, 0, NULL),
(965, 17, NULL, NULL, 53, 56, NULL, 0, NULL),
(966, 17, NULL, NULL, 59, 61, NULL, 0, NULL),
(967, 17, NULL, NULL, 57, 60, NULL, 0, NULL),
(968, 17, NULL, NULL, 58, 62, NULL, 0, NULL),
(969, 17, NULL, NULL, 54, 55, NULL, 0, NULL),
(970, 17, NULL, NULL, 52, 63, NULL, 0, NULL),
(971, 18, NULL, NULL, 56, 52, NULL, 0, NULL),
(972, 18, NULL, NULL, 62, 59, NULL, 0, NULL),
(973, 18, NULL, NULL, 55, 53, NULL, 0, NULL),
(974, 18, NULL, NULL, 61, 60, NULL, 0, NULL),
(975, 18, NULL, NULL, 54, 57, NULL, 0, NULL),
(976, 18, NULL, NULL, 63, 58, NULL, 0, NULL),
(977, 19, NULL, NULL, 59, 63, NULL, 0, NULL),
(978, 19, NULL, NULL, 52, 55, NULL, 0, NULL),
(979, 19, NULL, NULL, 53, 54, NULL, 0, NULL),
(980, 19, NULL, NULL, 60, 62, NULL, 0, NULL),
(981, 19, NULL, NULL, 58, 56, NULL, 0, NULL),
(982, 19, NULL, NULL, 57, 61, NULL, 0, NULL),
(983, 20, NULL, NULL, 54, 52, NULL, 0, NULL),
(984, 20, NULL, NULL, 62, 61, NULL, 0, NULL),
(985, 20, NULL, NULL, 56, 59, NULL, 0, NULL),
(986, 20, NULL, NULL, 63, 60, NULL, 0, NULL),
(987, 20, NULL, NULL, 55, 58, NULL, 0, NULL),
(988, 20, NULL, NULL, 53, 57, NULL, 0, NULL),
(989, 21, NULL, NULL, 52, 53, NULL, 0, NULL),
(990, 21, NULL, NULL, 62, 57, NULL, 0, NULL),
(991, 21, NULL, NULL, 60, 56, NULL, 0, NULL),
(992, 21, NULL, NULL, 58, 54, NULL, 0, NULL),
(993, 21, NULL, NULL, 59, 55, NULL, 0, NULL),
(994, 21, NULL, NULL, 61, 63, NULL, 0, NULL),
(995, 22, NULL, NULL, 56, 61, NULL, 0, NULL),
(996, 22, NULL, NULL, 54, 59, NULL, 0, NULL),
(997, 22, NULL, NULL, 63, 62, NULL, 0, NULL),
(998, 22, NULL, NULL, 57, 52, NULL, 0, NULL),
(999, 22, NULL, NULL, 55, 60, NULL, 0, NULL),
(1000, 22, NULL, NULL, 53, 58, NULL, 0, NULL);

-- --------------------------------------------------------

--
-- Estructura de tabla para la tabla `campos`
--

DROP TABLE IF EXISTS `campos`;
CREATE TABLE IF NOT EXISTS `campos` (
  `ID` int(11) NOT NULL COMMENT 'Numero de identificación del campo',
  `CAMPO` varchar(50) CHARACTER SET utf8 COLLATE utf8_spanish_ci NOT NULL COMMENT 'Nombre del campo',
  `CONGELADO` tinyint(1) NOT NULL DEFAULT '0' COMMENT 'Campo congelado (0 = NO congelado; 1 = Congelado)'
) ENGINE=InnoDB AUTO_INCREMENT=9 DEFAULT CHARSET=latin1;

--
-- Volcado de datos para la tabla `campos`
--

INSERT INTO `campos` (`ID`, `CAMPO`, `CONGELADO`) VALUES
(1, 'Campo F7 Tincer', 1),
(2, 'Campo F7 Sta. Mª del Mar', 1),
(3, 'Campo F7 Las Delicias', 1),
(4, 'Campo F7  Montaña Pacho 3', 0),
(5, 'Campo F7 El Chorrillo', 1),
(6, 'Campo F7 El Tablero1', 1),
(7, 'Campo F7 Las Chumberas', 1),
(8, 'Campo F7 El Draguillo', 1);

-- --------------------------------------------------------

--
-- Estructura de tabla para la tabla `cam_horarios`
--

DROP TABLE IF EXISTS `cam_horarios`;
CREATE TABLE IF NOT EXISTS `cam_horarios` (
  `ID` int(11) NOT NULL,
  `ID_CAMPO` int(11) NOT NULL,
  `ID_DIA` int(11) DEFAULT NULL,
  `ID_HORA` int(11) DEFAULT NULL,
  `ASIGNADO` tinyint(1) NOT NULL DEFAULT '0'
) ENGINE=InnoDB DEFAULT CHARSET=latin1;

-- --------------------------------------------------------

--
-- Estructura de tabla para la tabla `competicion`
--

DROP TABLE IF EXISTS `competicion`;
CREATE TABLE IF NOT EXISTS `competicion` (
  `ID` int(11) NOT NULL COMMENT 'Numero de identificación de la competición',
  `COMPETICION` varchar(200) CHARACTER SET utf8 COLLATE utf8_spanish_ci NOT NULL COMMENT 'Descripción de la competición'
) ENGINE=InnoDB AUTO_INCREMENT=7 DEFAULT CHARSET=latin1;

--
-- Volcado de datos para la tabla `competicion`
--

INSERT INTO `competicion` (`ID`, `COMPETICION`) VALUES
(1, 'Liga Veteranos+35'),
(2, 'Liga InterSport - Veteranos+35 '),
(3, 'Liga Veteranos+30'),
(4, 'Liga Inurria Abogados - Veteranos+30'),
(5, 'Liga Gasten Solar - Senior+18'),
(6, 'Liga Senior+18');

-- --------------------------------------------------------

--
-- Estructura de tabla para la tabla `dias`
--

DROP TABLE IF EXISTS `dias`;
CREATE TABLE IF NOT EXISTS `dias` (
  `ID` int(11) NOT NULL COMMENT 'ID para los días',
  `DIA` varchar(10) CHARACTER SET utf8 COLLATE utf8_spanish_ci NOT NULL COMMENT 'Día de la Semana'
) ENGINE=InnoDB AUTO_INCREMENT=8 DEFAULT CHARSET=latin1;

--
-- Volcado de datos para la tabla `dias`
--

INSERT INTO `dias` (`ID`, `DIA`) VALUES
(1, 'Lunes'),
(2, 'Martes'),
(3, 'Miércoles'),
(4, 'Jueves'),
(5, 'Viernes'),
(6, 'Sábado'),
(7, 'Domingo');

-- --------------------------------------------------------

--
-- Estructura de tabla para la tabla `division`
--

DROP TABLE IF EXISTS `division`;
CREATE TABLE IF NOT EXISTS `division` (
  `ID` int(11) NOT NULL COMMENT 'Numero de identificación de la división',
  `DIVISION` varchar(150) CHARACTER SET utf8 COLLATE utf8_spanish_ci DEFAULT NULL COMMENT 'Descripción de la división'
) ENGINE=InnoDB AUTO_INCREMENT=5 DEFAULT CHARSET=latin1;

--
-- Volcado de datos para la tabla `division`
--

INSERT INTO `division` (`ID`, `DIVISION`) VALUES
(1, '2ª División'),
(2, '1ª División'),
(3, '2ª Grupo II'),
(4, '2ª Grupo I');

-- --------------------------------------------------------

--
-- Estructura de tabla para la tabla `equipos`
--

DROP TABLE IF EXISTS `equipos`;
CREATE TABLE IF NOT EXISTS `equipos` (
  `ID` int(11) NOT NULL COMMENT 'Numero de identificación del Equipo',
  `NOMBRE` varchar(100) CHARACTER SET utf8 COLLATE utf8_spanish_ci NOT NULL COMMENT 'Nombre del equipo',
  `ID_COMPETICION` int(11) DEFAULT NULL COMMENT 'ID de la competición en la que participa',
  `ID_DIVISION` int(11) DEFAULT NULL COMMENT 'ID de la división a la que pertenece',
  `CONGELADO` tinyint(1) NOT NULL DEFAULT '0' COMMENT 'Equipo congelado (0 no congelado, 1 congelado)'
) ENGINE=InnoDB AUTO_INCREMENT=87 DEFAULT CHARSET=utf8 COLLATE=utf8_spanish2_ci;

--
-- Volcado de datos para la tabla `equipos`
--

INSERT INTO `equipos` (`ID`, `NOMBRE`, `ID_COMPETICION`, `ID_DIVISION`, `CONGELADO`) VALUES
(1, 'CD La Muralla Veteranos F7', 1, 1, 0),
(2, 'Binter Canarias F7', 1, 1, 0),
(3, 'UD La Mina Restaurante Las Rosas', 1, 1, 0),
(4, 'Valleseco Vet. ''B'' F7', 1, 1, 0),
(5, 'Tasca La Tertulia F7', 1, 1, 0),
(6, 'El Batán F7', 1, 1, 0),
(7, 'Atco. Independiente F7 Vet.', 1, 1, 0),
(8, 'Aston Birra F7', 1, 1, 0),
(9, 'Portuarios F7 Veteranos', 1, 1, 0),
(10, 'The Blues F7', 1, 1, 0),
(11, 'Viñas F7 Veteranos', 1, 1, 0),
(12, 'Ferretodo F7', 1, 1, 0),
(13, 'San Cristóbal F7 Veteranos', 1, 1, 0),
(14, 'Estrella FC', 1, 1, 0),
(15, 'Buendia Zumeria Tamarindo F7', 2, 2, 0),
(16, 'Varufakis-Hemispheria F7', 2, 2, 0),
(17, 'Af. Cóndor F7', 2, 2, 0),
(18, 'Los Chachis F7 Veteranos', 2, 2, 0),
(19, 'Teide Wap F7', 2, 2, 0),
(20, 'Fran El Pollito F7 Vet.', 2, 2, 0),
(21, 'Once Diablos F7 Vet.+35', 2, 2, 0),
(22, 'Valleseco F7 Vet.', 2, 2, 0),
(23, 'Pescados Goyo F7', 2, 2, 0),
(24, 'Tasca Tagoror Vet. F7', 2, 2, 0),
(25, 'Ferretería Tenerife F7 Veteranos', 2, 2, 0),
(26, 'Servicio Técnico Los Reyes', 2, 2, 0),
(27, '2 de Octubre F7', 3, 1, 0),
(28, 'CSKA San Matías F7', 3, 1, 0),
(29, 'Bremen F7', 3, 1, 0),
(30, 'Los Frikis de Wilson F7', 3, 1, 0),
(31, 'CF7 Amigos Futboleros', 3, 1, 0),
(32, 'UD Aguere F7', 3, 1, 0),
(33, 'Garimball F7', 3, 1, 0),
(34, 'Caldera F7', 3, 1, 0),
(35, 'Miele F7 Veteranos', 3, 1, 0),
(36, 'Porto AF7 - Bodegas Tafuriaste', 3, 1, 0),
(37, 'Mecánica Berna Negrín F7', 3, 1, 0),
(38, 'Gráficas Cáncamo & Company', 3, 1, 0),
(39, 'Jogo Bonito F7', 4, 2, 0),
(40, 'Gasten Solar', 4, 2, 0),
(41, 'Comarca F7', 4, 2, 0),
(42, 'Once Diablos F7 Vet.+30', 4, 2, 0),
(43, 'Canarias Vertical', 4, 2, 0),
(44, 'Centro Optico Sauzal', 4, 2, 0),
(45, 'Af. LagunaGest Asesores F7', 4, 2, 0),
(46, 'DIN Acero GDA', 4, 2, 0),
(47, 'Atco. Chícharo F7', 4, 2, 0),
(48, 'Atlético Charrua F7', 4, 2, 0),
(49, 'Bar Oasis F7', 4, 2, 0),
(50, 'Leones F7', 4, 2, 0),
(51, 'Chiringuito El Tamboril F7', 4, 2, 0),
(52, 'Cafetería Maracaná F7', 5, 2, 0),
(53, 'Churrería La Monja F7', 5, 2, 0),
(54, 'Tumberos Imas F7', 5, 2, 0),
(55, 'Castillo FC', 5, 2, 0),
(56, 'Tratagua''s Team', 5, 2, 0),
(57, 'Racing Esquina F7', 5, 2, 0),
(58, 'Taganana F7', 5, 2, 0),
(59, 'Atl. Platense Fincoman F7', 5, 2, 0),
(60, 'Servicios Unión F7', 5, 2, 0),
(61, 'Fénix CF7', 5, 2, 0),
(62, 'Atco. Junior F7', 5, 2, 0),
(63, 'Atleticomaetílico F7', 5, 2, 0),
(64, 'Tasca Aquí y Ahora F7', 6, 3, 0),
(65, 'Guachinche La Morenita', 6, 3, 0),
(66, 'Inter Mitente F7', 6, 3, 0),
(67, 'Steagua del Grifo F7', 6, 3, 0),
(68, 'Sloan Fútbol 7', 6, 3, 0),
(69, 'Frenahaybaçhe F7', 6, 3, 0),
(70, 'Deportivo Alisios F7', 6, 3, 0),
(71, 'Atlético Escombreras F7', 6, 3, 0),
(72, 'FC Anchieta F7', 6, 3, 0),
(73, 'Nottingham Miedo F7', 6, 3, 0),
(74, 'Clinica Veterinaria SC F7', 6, 3, 0),
(75, 'Tilellit F7', 6, 3, 0),
(76, 'Nortester F7 (Real Unión F7)', 6, 4, 0),
(77, 'Intersport F7', 6, 4, 0),
(78, 'Atco. Mencey F7', 6, 4, 0),
(79, 'Chirusa F7', 6, 4, 0),
(80, 'Grupo Inurria Abogados (New Team F7)', 6, 4, 0),
(81, 'Cafeteria El Cedro F7', 6, 4, 0),
(82, 'La Vieja Escuela', 6, 4, 0),
(83, 'Boutique Los Naranjeros F7', 6, 4, 0),
(84, 'Red Lions F7', 6, 4, 0),
(85, 'Furricoense F7 (Chupiteria Sinpalabras)', 6, 4, 0),
(86, 'Racing de Anaga', 6, 4, 0);

-- --------------------------------------------------------

--
-- Estructura de tabla para la tabla `festivos`
--

DROP TABLE IF EXISTS `festivos`;
CREATE TABLE IF NOT EXISTS `festivos` (
  `ID` int(11) NOT NULL COMMENT 'ID del día festivo',
  `FECHA` date NOT NULL COMMENT 'Día festivo',
  `MOTIVO` varchar(75) DEFAULT NULL
) ENGINE=InnoDB DEFAULT CHARSET=latin1;

-- --------------------------------------------------------

--
-- Estructura de tabla para la tabla `hora`
--

DROP TABLE IF EXISTS `hora`;
CREATE TABLE IF NOT EXISTS `hora` (
  `ID` int(11) NOT NULL COMMENT 'ID de las horas de campos',
  `HORA` varchar(5) CHARACTER SET utf8 COLLATE utf8_spanish_ci NOT NULL COMMENT 'Horas disponibles',
  `HORARIO` varchar(25) NOT NULL COMMENT 'Primera o Segunda Hora'
) ENGINE=InnoDB AUTO_INCREMENT=3 DEFAULT CHARSET=latin1;

--
-- Volcado de datos para la tabla `hora`
--

INSERT INTO `hora` (`ID`, `HORA`, `HORARIO`) VALUES
(1, '20:30', 'Primera'),
(2, '21:30', 'Segunda');

-- --------------------------------------------------------

--
-- Estructura de tabla para la tabla `restricciones`
--

DROP TABLE IF EXISTS `restricciones`;
CREATE TABLE IF NOT EXISTS `restricciones` (
  `ID` int(11) NOT NULL COMMENT 'Numero de identificación de la restricción',
  `ID_EQUIPO` int(11) NOT NULL COMMENT 'ID del equipo con el que no puede coincidir otro equipo',
  `ID_DIA` int(11) DEFAULT NULL COMMENT 'ID de la tabla con el día que no pueda jugar',
  `HORA` int(2) DEFAULT NULL COMMENT 'Hora que no puede jugar (Primera, Segunda, Ambas)',
  `ID_CAMPO` int(11) DEFAULT NULL COMMENT 'ID del campo en el que no pueda jugar',
  `ID_COINCIDE` int(11) DEFAULT NULL COMMENT 'ID del equipo con el que no puede coincidir'
) ENGINE=InnoDB DEFAULT CHARSET=utf8 COLLATE=utf8_spanish2_ci;

--
-- Índices para tablas volcadas
--

--
-- Indices de la tabla `arbitros`
--
ALTER TABLE `arbitros`
  ADD PRIMARY KEY (`ID`);

--
-- Indices de la tabla `campeonato`
--
ALTER TABLE `campeonato`
  ADD PRIMARY KEY (`ID`),
  ADD KEY `LOCAL` (`ID_LOCAL`),
  ADD KEY `VISITANTE` (`ID_VISITANTE`),
  ADD KEY `CAMPO` (`ID_CAMPO`),
  ADD KEY `ID_ARBITRO` (`ID_ARBITRO`);

--
-- Indices de la tabla `campos`
--
ALTER TABLE `campos`
  ADD PRIMARY KEY (`ID`);

--
-- Indices de la tabla `cam_horarios`
--
ALTER TABLE `cam_horarios`
  ADD PRIMARY KEY (`ID`),
  ADD KEY `ID_CAMPO` (`ID_CAMPO`),
  ADD KEY `ID_DIA` (`ID_DIA`),
  ADD KEY `ID_HORA` (`ID_HORA`);

--
-- Indices de la tabla `competicion`
--
ALTER TABLE `competicion`
  ADD PRIMARY KEY (`ID`);

--
-- Indices de la tabla `dias`
--
ALTER TABLE `dias`
  ADD PRIMARY KEY (`ID`);

--
-- Indices de la tabla `division`
--
ALTER TABLE `division`
  ADD PRIMARY KEY (`ID`);

--
-- Indices de la tabla `equipos`
--
ALTER TABLE `equipos`
  ADD PRIMARY KEY (`ID`),
  ADD UNIQUE KEY `NOMBRE` (`NOMBRE`),
  ADD KEY `ID_COMPETICION` (`ID_COMPETICION`),
  ADD KEY `ID_DIVISION` (`ID_DIVISION`);

--
-- Indices de la tabla `festivos`
--
ALTER TABLE `festivos`
  ADD PRIMARY KEY (`ID`);

--
-- Indices de la tabla `hora`
--
ALTER TABLE `hora`
  ADD PRIMARY KEY (`ID`);

--
-- Indices de la tabla `restricciones`
--
ALTER TABLE `restricciones`
  ADD PRIMARY KEY (`ID`),
  ADD KEY `EQUIPO` (`ID_EQUIPO`),
  ADD KEY `ID_DIA` (`ID_DIA`),
  ADD KEY `ID_HORA` (`HORA`),
  ADD KEY `ID_CAMPO` (`ID_CAMPO`),
  ADD KEY `ID_COINCIDE` (`ID_COINCIDE`);

--
-- AUTO_INCREMENT de las tablas volcadas
--

--
-- AUTO_INCREMENT de la tabla `arbitros`
--
ALTER TABLE `arbitros`
  MODIFY `ID` int(11) NOT NULL AUTO_INCREMENT COMMENT 'Numero de identificación de los arbitros';
--
-- AUTO_INCREMENT de la tabla `campeonato`
--
ALTER TABLE `campeonato`
  MODIFY `ID` int(11) NOT NULL AUTO_INCREMENT COMMENT 'Numero de identificación de partidos',AUTO_INCREMENT=1001;
--
-- AUTO_INCREMENT de la tabla `campos`
--
ALTER TABLE `campos`
  MODIFY `ID` int(11) NOT NULL AUTO_INCREMENT COMMENT 'Numero de identificación del campo',AUTO_INCREMENT=9;
--
-- AUTO_INCREMENT de la tabla `cam_horarios`
--
ALTER TABLE `cam_horarios`
  MODIFY `ID` int(11) NOT NULL AUTO_INCREMENT;
--
-- AUTO_INCREMENT de la tabla `competicion`
--
ALTER TABLE `competicion`
  MODIFY `ID` int(11) NOT NULL AUTO_INCREMENT COMMENT 'Numero de identificación de la competición',AUTO_INCREMENT=7;
--
-- AUTO_INCREMENT de la tabla `dias`
--
ALTER TABLE `dias`
  MODIFY `ID` int(11) NOT NULL AUTO_INCREMENT COMMENT 'ID para los días',AUTO_INCREMENT=8;
--
-- AUTO_INCREMENT de la tabla `division`
--
ALTER TABLE `division`
  MODIFY `ID` int(11) NOT NULL AUTO_INCREMENT COMMENT 'Numero de identificación de la división',AUTO_INCREMENT=5;
--
-- AUTO_INCREMENT de la tabla `equipos`
--
ALTER TABLE `equipos`
  MODIFY `ID` int(11) NOT NULL AUTO_INCREMENT COMMENT 'Numero de identificación del Equipo',AUTO_INCREMENT=87;
--
-- AUTO_INCREMENT de la tabla `festivos`
--
ALTER TABLE `festivos`
  MODIFY `ID` int(11) NOT NULL AUTO_INCREMENT COMMENT 'ID del día festivo';
--
-- AUTO_INCREMENT de la tabla `hora`
--
ALTER TABLE `hora`
  MODIFY `ID` int(11) NOT NULL AUTO_INCREMENT COMMENT 'ID de las horas de campos',AUTO_INCREMENT=3;
--
-- AUTO_INCREMENT de la tabla `restricciones`
--
ALTER TABLE `restricciones`
  MODIFY `ID` int(11) NOT NULL AUTO_INCREMENT COMMENT 'Numero de identificación de la restricción';
--
-- Restricciones para tablas volcadas
--

--
-- Filtros para la tabla `campeonato`
--
ALTER TABLE `campeonato`
  ADD CONSTRAINT `campeonato_ibfk_3` FOREIGN KEY (`ID_CAMPO`) REFERENCES `campos` (`ID`),
  ADD CONSTRAINT `campeonato_ibfk_5` FOREIGN KEY (`ID_LOCAL`) REFERENCES `equipos` (`ID`),
  ADD CONSTRAINT `campeonato_ibfk_6` FOREIGN KEY (`ID_VISITANTE`) REFERENCES `equipos` (`ID`),
  ADD CONSTRAINT `campeonato_ibfk_7` FOREIGN KEY (`ID_ARBITRO`) REFERENCES `arbitros` (`ID`);

--
-- Filtros para la tabla `cam_horarios`
--
ALTER TABLE `cam_horarios`
  ADD CONSTRAINT `cam_horarios_ibfk_1` FOREIGN KEY (`ID_CAMPO`) REFERENCES `campos` (`ID`),
  ADD CONSTRAINT `cam_horarios_ibfk_2` FOREIGN KEY (`ID_DIA`) REFERENCES `dias` (`ID`),
  ADD CONSTRAINT `cam_horarios_ibfk_3` FOREIGN KEY (`ID_HORA`) REFERENCES `hora` (`ID`);

--
-- Filtros para la tabla `equipos`
--
ALTER TABLE `equipos`
  ADD CONSTRAINT `equipos_ibfk_1` FOREIGN KEY (`ID_COMPETICION`) REFERENCES `competicion` (`ID`),
  ADD CONSTRAINT `equipos_ibfk_2` FOREIGN KEY (`ID_DIVISION`) REFERENCES `division` (`ID`);

--
-- Filtros para la tabla `restricciones`
--
ALTER TABLE `restricciones`
  ADD CONSTRAINT `restricciones_ibfk_1` FOREIGN KEY (`ID_DIA`) REFERENCES `dias` (`ID`),
  ADD CONSTRAINT `restricciones_ibfk_2` FOREIGN KEY (`ID_CAMPO`) REFERENCES `campos` (`ID`),
  ADD CONSTRAINT `restricciones_ibfk_3` FOREIGN KEY (`ID_EQUIPO`) REFERENCES `equipos` (`ID`),
  ADD CONSTRAINT `restricciones_ibfk_4` FOREIGN KEY (`ID_COINCIDE`) REFERENCES `equipos` (`ID`);

/*!40101 SET CHARACTER_SET_CLIENT=@OLD_CHARACTER_SET_CLIENT */;
/*!40101 SET CHARACTER_SET_RESULTS=@OLD_CHARACTER_SET_RESULTS */;
/*!40101 SET COLLATION_CONNECTION=@OLD_COLLATION_CONNECTION */;
